id, author_qid,author,birthDate,deathDate,gender,birthPlace,religion,first_work,first_work_pubDate,age_at_first_publication
148,Q180903,夏目漱石,1867-02-09T00:00:00Z,1916-12-09T00:00:00Z,男性,喜久井町,,薤露行,1905-01-01T00:00:00Z,38
81,Q55993,宮沢賢治,1896-08-27T00:00:00Z,1933-09-21T00:00:00Z,男性,花巻川口町,日蓮宗,水仙月の四日,1924-01-01T00:00:00Z,28
35,Q317685,太宰治,1909-06-19T00:00:00Z,1948-06-13T00:00:00Z,男性,金木町,,晩年,1936-06-25T00:00:00Z,27
119,Q473538,中島敦,1909-05-05T00:00:00Z,1942-12-04T00:00:00Z,男性,四谷区,,かめれおん日記,1942-01-01T00:00:00Z,33
96,Q1005559,夢野久作,1889-01-04T00:00:00Z,1936-03-11T00:00:00Z,男性,福岡市,,ドグラ・マグラ,1935-01-01T00:00:00Z,46
879
196,Q291329,鴨長明,1155-01-01T00:00:00Z,1216-01-01T00:00:00Z,男性,平安京,仏教
74,Q519158,梶井基次郎,1901-02-17T00:00:00Z,1932-03-24T00:00:00Z,男性,大阪市,,檸檬,1925-01-01T00:00:00Z,24
296
156,Q405234,小林多喜二,1903-10-13T00:00:00Z,1933-02-20T00:00:00Z,男性,大館市,,蟹工船,1929-01-01T00:00:00Z,26
31,Q930489,葉山嘉樹,1894-03-12T00:00:00Z,1945-10-18T00:00:00Z,男性,豊津町,,セメント樽の中の手紙,1926-01-01T00:00:00Z,32
129
121,Q1989968,新美南吉,1913-07-30T00:00:00Z,1943-03-22T00:00:00Z,男性,半田市,
1162
1168,Q1646239,高村光太郎,1883-03-13T00:00:00Z,1956-04-02T00:00:00Z,男性,下谷区,,智恵子抄,1941-01-01T00:00:00Z,58
153,Q467747,石川啄木,1886-02-20T00:00:00Z,1912-04-13T00:00:00Z,男性,盛岡市,,一握の砂,1910-12-01T00:00:00Z,24
155,Q468288,紀貫之,0872-01-01T00:00:00Z,0945-07-05T00:00:00Z,男性,平安京,
1095,Q132111,坂口安吾,1906-10-20T00:00:00Z,1955-02-17T00:00:00Z,男性,新潟市,,白痴,1946-01-01T00:00:00Z,40
231,Q973907,伊丹万作,1900-01-02T00:00:00Z,1946-09-21T00:00:00Z,男性,松山市,
67,Q583527,萩原朔太郎,1886-11-01T00:00:00Z,1942-05-11T00:00:00Z,男性,北曲輪町,,月に吠える,1917-01-01T00:00:00Z,31
1030,Q961645,堀辰雄,1904-12-28T00:00:00Z,1953-05-28T00:00:00Z,男性,平河町,,聖家族,1930-11-01T00:00:00Z,26
26,Q278215,中原中也,1907-04-29T00:00:00Z,1937-10-22T00:00:00Z,男性,下宇野令村,,山羊の歌,1934-01-01T00:00:00Z,27
914
1128
1566
1235
183,Q597627,牧野信一,1896-11-12T00:00:00Z,1936-03-24T00:00:00Z,男性,小田原町,,ゼーロン,1931-01-01T00:00:00Z,35
64,Q237948,樋口一葉,1872-05-02T00:00:00Z,1896-11-23T00:00:00Z,女性,東京,,うもれ木,1892-01-01T00:00:00Z,20
1092
1091
1124
125,Q6941274,小栗虫太郎,1901-03-14T00:00:00Z,1946-02-10T00:00:00Z,男性,東京都,,聖アレキセイ寺院の惨劇,1933-11-01T00:00:00Z,32
19
94
912
158,Q1093783,島崎藤村,1872-03-25T00:00:00Z,1943-08-22T00:00:00Z,男性,馬籠宿,プロテスタント,破戒,1906-01-01T00:00:00Z,34
214,Q332975,田山花袋,1872-01-22T00:00:00Z,1930-05-13T00:00:00Z,男性,館林市,
9
1779,Q347412,江戸川乱歩,1894-10-21T00:00:00Z,1965-07-28T00:00:00Z,男性,名張市,,人間椅子,1925-01-01T00:00:00Z,31
888
58,Q176579,伊藤左千夫,1864-09-18T00:00:00Z,1913-07-30T00:00:00Z,男性,上総国,,野菊の墓,1906-01-01T00:00:00Z,42
329,Q11541180,楠山正雄,1884-11-04T00:00:00Z,1950-11-26T00:00:00Z,男性,東京都,
91,Q975273,尾崎紅葉,1868-01-10T00:00:00Z,1903-10-30T00:00:00Z,男性,芝,
363
25,Q577180,有島武郎,1878-03-04T00:00:00Z,1923-06-09T00:00:00Z,男性,東京,,お末の死,1914-01-01T00:00:00Z,36
908
1518,Q384705,太安万侶,http://www.wikidata.org/.well-known/genid/ab8831f9372e7c3a1c6add23952dccc5,0723-08-19T00:00:00Z,男性,,
1519,Q164522,稗田阿礼,0700-01-01T00:00:00Z,0800-01-01T00:00:00Z,http://www.wikidata.org/.well-known/genid/4e15c13b6b4be1a73d685c14b2af828c,,
42,Q895919,寺田寅彦,1878-12-28T00:00:00Z,1935-12-31T00:00:00Z,男性,麹町区,,ラジオ雑感,1933-04-01T00:00:00Z,55
52
50,Q1064272,泉鏡花,1873-11-04T00:00:00Z,1939-09-07T00:00:00Z,男性,金沢市,,外科室,1895-01-01T00:00:00Z,22
65,Q617645,九鬼周造,1888-02-15T00:00:00Z,1941-05-06T00:00:00Z,男性,東京,,「いき」の構造,1930-01-01T00:00:00Z,42
107,Q328931,鈴木三重吉,1882-09-29T00:00:00Z,1936-06-27T00:00:00Z,男性,広島市,
195,Q1401212,尾崎放哉,1885-01-20T00:00:00Z,1926-04-07T00:00:00Z,男性,鳥取県,
38,Q374817,国木田独歩,1871-08-30T00:00:00Z,1908-06-23T00:00:00Z,男性,銚子市,,酒中日記,1906-03-01T00:00:00Z,35
218,Q1894578,三木清,1897-01-05T00:00:00Z,1945-09-26T00:00:00Z,男性,兵庫県,,人生論ノート,1941-01-01T00:00:00Z,44
6,Q22665,二葉亭四迷,1864-02-28T00:00:00Z,1909-05-10T00:00:00Z,男性,合羽坂,,其面影,1906-01-01T00:00:00Z,42
83,Q647687,菊池寛,1888-12-26T00:00:00Z,1948-03-06T00:00:00Z,男性,高松市,,恩讐の彼方に,1919-01-01T00:00:00Z,31
230,Q715235,石原莞爾,1889-01-18T00:00:00Z,1949-08-15T00:00:00Z,男性,鶴岡市,,戦争史大観,1941-01-01T00:00:00Z,52
361
1383,Q316213,谷崎潤一郎,1886-07-24T00:00:00Z,1965-07-30T00:00:00Z,男性,日本橋区,,刺青,1910-11-01T00:00:00Z,24
20,Q7091197,渡辺温,1902-08-26T00:00:00Z,1930-02-10T00:00:00Z,男性,北海道,,影　Ein Märchen,1925-01-01T00:00:00Z,23
1090
1475,Q343215,小川未明,1882-04-07T00:00:00Z,1961-05-11T00:00:00Z,男性,新潟県,
258
1347
238,Q942995,岡倉天心,1863-12-14T00:00:00Z,1913-09-02T00:00:00Z,男性,横浜市,,茶の本,1906-01-01T00:00:00Z,43
179,Q11179052,黒岩涙香,1862-11-20T00:00:00Z,1920-10-06T00:00:00Z,男性,川北村,,無惨,1889-01-01T00:00:00Z,27
961
1234,Q6383620,愛知敬一,1880-07-25T00:00:00Z,1923-06-23T00:00:00Z,男性,東京,
1097,Q9383931,下村湖人,1884-10-03T00:00:00Z,1955-04-20T00:00:00Z,男性,,
51,Q1038466,幸田露伴,1867-07-23T00:00:00Z,1947-07-30T00:00:00Z,男性,東京,
924,Q128841322,永井隆,,2022-06-17T00:00:00Z,,,
235,Q16264418,上田敏,1932-01-01T00:00:00Z,,男性,,
1176
168,Q908573,横光利一,1898-03-17T00:00:00Z,1947-12-30T00:00:00Z,男性,会津若松市,,春は馬車に乗って,1927-01-12T00:00:00Z,29
160,Q4346825,海野十三,1897-12-26T00:00:00Z,1949-05-17T00:00:00Z,男性,徳島市,,怪塔王,1938-01-01T00:00:00Z,41
280,Q1396764,徳冨蘆花,1868-10-25T00:00:00Z,1927-09-18T00:00:00Z,男性,水俣市,,不如帰,1900-01-01T00:00:00Z,32
1121
1094
269
13,Q462303,八木重吉,1898-02-09T00:00:00Z,1927-10-26T00:00:00Z,男性,多摩地域,
264
1529
575,Q11384332,佐藤紅緑,1874-07-06T00:00:00Z,1949-06-03T00:00:00Z,男性,親方町,,あゝ玉杯に花うけて,1928-04-01T00:00:00Z,54
933,Q3482286,折口信夫,1887-02-11T00:00:00Z,1953-09-03T00:00:00Z,男性,大阪市,
140
1048
40,Q2856394,織田作之助,1913-10-26T00:00:00Z,1947-01-10T00:00:00Z,男性,大阪市,
76,Q1396664,岡本かの子,1889-03-01T00:00:00Z,1939-02-18T00:00:00Z,女性,赤坂,
245,Q11399241,加藤文太郎,1905-03-11T00:00:00Z,1936-01-05T00:00:00Z,男性,兵庫県,
1120,Q85884522,須川邦彦,1880-01-01T00:00:00Z,1949-01-01T00:00:00Z,男性,,
1562,Q221957,吉川英治,1892-08-11T00:00:00Z,1962-09-07T00:00:00Z,男性,横浜市,,宮本武蔵,1935-01-01T00:00:00Z,43
288
1045
182,Q45125,西田幾多郎,1870-05-19T00:00:00Z,1945-06-07T00:00:00Z,男性,かほく市,日本の禅
291,Q445839,林芙美子,1903-12-31T00:00:00Z,1951-06-29T00:00:00Z,女性,下関市,,めし,1951-01-01T00:00:00Z,48
305,Q315152,正岡子規,1867-09-17T00:00:00Z,1902-09-19T00:00:00Z,男性,松山市,,柿くへば鐘が鳴るなり法隆寺,1895-11-08T00:00:00Z,28
106,Q1066026,北原白秋,1885-01-25T00:00:00Z,1942-11-02T00:00:00Z,男性,南関町,,桐の花,1913-01-25T00:00:00Z,28
5
885,Q464104,与謝野晶子,1878-12-07T00:00:00Z,1942-05-29T00:00:00Z,女性,堺市,,みだれ髪,1901-08-15T00:00:00Z,23
283,Q11367378,中里介山,1885-04-04T00:00:00Z,1944-04-28T00:00:00Z,男性,羽村市,,大菩薩峠,2000-01-01T00:00:00Z,115
1296
1266,Q729955,牧野富太郎,1862-04-24T00:00:00Z,1957-01-18T00:00:00Z,男性,佐川町,,Observations on the flora of Japan,1914-01-01T00:00:00Z,52
1134
1059,Q3319377,斎藤茂吉,1882-05-14T00:00:00Z,1953-02-25T00:00:00Z,男性,上山市,
250,Q1135505,河上肇,1879-10-20T00:00:00Z,1946-01-30T00:00:00Z,男性,山口県,
1053,Q11476055,峠三吉,1917-02-19T00:00:00Z,1953-03-10T00:00:00Z,男性,大阪市,
1404,Q2645886,河口慧海,1866-02-26T00:00:00Z,1945-02-24T00:00:00Z,男性,堺市,仏教
118,Q554810,長塚節,1879-04-03T00:00:00Z,1915-02-08T00:00:00Z,男性,茨城県,,土,1912-05-19T00:00:00Z,33
1072,Q11417903,和田万吉,1865-10-07T00:00:00Z,1934-11-21T00:00:00Z,男性,大垣市,
1395,Q969266,和辻哲郎,1889-03-01T00:00:00Z,1960-12-26T00:00:00Z,男性,姫路市,
1044
126,Q512638,田中英光,1913-01-10T00:00:00Z,1949-11-03T00:00:00Z,男性,東京,
14,Q735978,村山槐多,1896-09-15T00:00:00Z,1919-02-20T00:00:00Z,男性,額田郡,
256,Q1792941,倉田百三,1891-02-23T00:00:00Z,1943-02-12T00:00:00Z,男性,庄原市,
1341,Q530588,永井荷風,1879-12-03T00:00:00Z,1959-04-30T00:00:00Z,男性,東京,,四畳半襖の下張,1917-01-01T00:00:00Z,38
293,Q248244,原民喜,1905-11-15T00:00:00Z,1951-03-13T00:00:00Z,男性,広島市,
372,Q3179291,桑原隲蔵,1871-01-27T00:00:00Z,1931-05-24T00:00:00Z,男性,敦賀市,
34,Q485247,内村鑑三,1861-03-23T00:00:00Z,1930-03-28T00:00:00Z,男性,小石川,福音主義教会,基督信徒の慰,1893-02-01T00:00:00Z,32
1028
311,Q464756,宮本百合子,1899-02-13T00:00:00Z,1951-01-21T00:00:00Z,女性,小石川区,
82,Q2743605,岡本綺堂,1872-10-15T00:00:00Z,1939-03-01T00:00:00Z,男性,高輪,,手討,1963-05-29T00:00:00Z,91
1245,Q411737,会津八一,1881-08-01T00:00:00Z,1956-02-21T00:00:00Z,男性,新潟市,
1029
1025
1403,Q7367324,北大路魯山人,1883-03-23T00:00:00Z,1959-12-21T00:00:00Z,男性,京都市,
93,Q6862791,南方熊楠,1867-04-15T00:00:00Z,1941-12-29T00:00:00Z,男性,和歌山市,
1034,Q11557326,浅野和三郎,1874-08-09T00:00:00Z,1937-02-03T00:00:00Z,男性,源清田村 ( -1889),
1465,Q11526007,東健而,1889-01-01T00:00:00Z,1933-01-01T00:00:00Z,男性,,
146,Q1029656,種田山頭火,1882-12-03T00:00:00Z,1940-10-10T00:00:00Z,男性,防府市,仏教,Q122010003,2017-01-01T00:00:00Z,135
1839
1264,Q532959,榎本武揚,1836-08-25T00:00:00Z,1908-08-26T00:00:00Z,男性,御徒町,
354,Q700470,勝海舟,1823-03-12T00:00:00Z,1899-01-19T00:00:00Z,男性,両国,
535,Q11112783,桐生悠々,1873-05-20T00:00:00Z,1941-09-10T00:00:00Z,男性,金沢市,
1257
718,Q12696,新渡戸稲造,1862-09-01T00:00:00Z,1933-10-15T00:00:00Z,男性,盛岡市,,"The Imperial agricultural college of Sapporo, Japan",1893-01-01T00:00:00Z,31
903
226
969
124,Q2311412,小熊秀雄,1901-09-09T00:00:00Z,1940-11-20T00:00:00Z,男性,小樽市,
1155
1843
216,Q461472,直木三十五,1891-02-12T00:00:00Z,1934-02-24T00:00:00Z,男性,大阪市,
154,Q11575975,田中貢太郎,1880-03-02T00:00:00Z,1941-02-01T00:00:00Z,男性,日本,,Q122043290,2019-01-01T00:00:00Z,139
279
997,Q1259446,北条民雄,1914-09-22T00:00:00Z,1937-12-05T00:00:00Z,男性,京城府,,癩院受胎,1936-01-01T00:00:00Z,22
1216,Q352561,井原西鶴,1642-01-01T00:00:00Z,1693-09-09T00:00:00Z,男性,中津村,,好色一代男,1682-01-01T00:00:00Z,40
286
1579,Q331339,室生犀星,1889-04-01T00:00:00Z,1962-03-26T00:00:00Z,男性,金沢市,,火の魚,2009-01-01T00:00:00Z,120
1093
1189
1430
1320,Q310462,西郷隆盛,1828-01-23T00:00:00Z,1877-09-24T00:00:00Z,男性,加治屋町,儒教,南洲翁遺訓,1890-01-18T00:00:00Z,62
57,Q5507623,福田英子,1865-10-05T00:00:00Z,1927-05-02T00:00:00Z,女性,備前国,
1085
1380
207
1528
1224,Q460613,久生十蘭,1902-04-06T00:00:00Z,1957-10-06T00:00:00Z,男性,函館市,
906,Q11633503,豊島与志雄,1890-11-27T00:00:00Z,1955-06-08T00:00:00Z,男性,福岡県,
968
1351,Q11552123,池田蕉園,1886-05-13T00:00:00Z,1917-12-01T00:00:00Z,女性,神田区,
351
318,Q11468307,山川登美子,1879-07-19T00:00:00Z,1909-04-15T00:00:00Z,女性,遠敷郡,,恋衣,1905-01-01T00:00:00Z,26
1099
1160,Q380575,池田菊苗,1864-10-08T00:00:00Z,1936-05-03T00:00:00Z,男性,京都市,
1159
1421,Q11657866,阿部次郎,1883-08-27T00:00:00Z,1959-10-20T00:00:00Z,男性,,
11,Q6837958,立原道造,1914-07-30T00:00:00Z,1939-03-29T00:00:00Z,男性,東京,
1869,Q7506266,山本周五郎,1903-06-22T00:00:00Z,1967-02-14T00:00:00Z,男性,大月市,,柳橋物語,1946-01-01T00:00:00Z,43
827,Q11539838,森本薫,1912-06-04T00:00:00Z,1946-10-06T00:00:00Z,男性,東淀川区,
966
1119,Q9025317,岩波茂雄,1881-08-27T00:00:00Z,1946-04-25T00:00:00Z,男性,諏訪市,
1569,Q218021,中谷宇吉郎,1900-07-04T00:00:00Z,1962-04-11T00:00:00Z,男性,加賀市,
1049
281,Q2445240,戸坂潤,1900-09-27T00:00:00Z,1945-08-09T00:00:00Z,男性,東京,
1734,Q98432270,石波杏,1982-01-01T00:00:00Z,,,,
157,Q1064340,北村透谷,1868-12-29T00:00:00Z,1894-05-16T00:00:00Z,男性,小田原町,
989
1477
1429,Q1673885,石原純,1881-01-01T00:00:00Z,1947-01-01T00:00:00Z,男性,東京,
726,Q11653856,長谷川時雨,1879-10-01T00:00:00Z,1941-08-22T00:00:00Z,女性,東京,
1011,Q7446704,波多野精一,1877-07-21T00:00:00Z,1950-01-17T00:00:00Z,男性,松本市,
886
981
136,Q984441,山村暮鳥,1884-01-10T00:00:00Z,1924-12-08T00:00:00Z,男性,長岡市,
261,Q558267,幸徳秋水,1871-11-05T00:00:00Z,1911-01-24T00:00:00Z,男性,中村市,
284,Q3138959,内藤湖南,1866-08-27T00:00:00Z,1934-06-26T00:00:00Z,男性,毛馬内町,
1875,Q3469340,壺井栄,1899-08-05T00:00:00Z,1967-06-23T00:00:00Z,女性,小豆島町,,母のない子と子のない母と,1951-11-01T00:00:00Z,52
649,Q5371149,田中正造,1841-12-15T00:00:00Z,1913-09-04T00:00:00Z,男性,佐野市,
355,Q275018,上村松園,1875-04-23T00:00:00Z,1949-08-27T00:00:00Z,女性,京都市,
1277
1311,Q11354863,三好十郎,1902-04-23T00:00:00Z,1958-12-16T00:00:00Z,男性,佐賀市,
259,Q3336023,小出楢重,1887-10-13T00:00:00Z,1931-02-13T00:00:00Z,男性,大阪市,
190,Q11435558,大手拓次,1887-11-03T00:00:00Z,1934-04-18T00:00:00Z,男性,,
506,Q11553748,河合栄治郎,1891-02-13T00:00:00Z,1944-02-15T00:00:00Z,男性,東京都,
1749,Q1940955,三好達治,1900-08-23T00:00:00Z,1964-04-05T00:00:00Z,男性,西区,
1047
1021,Q1414939,井上円了,1858-05-18T00:00:00Z,1919-06-06T00:00:00Z,男性,来迎寺村,仏教
595,Q11476948,島田清次郎,1899-02-26T00:00:00Z,1930-04-29T00:00:00Z,男性,白山市,
1052,Q11369256,久坂葉子,1931-03-27T00:00:00Z,1952-12-31T00:00:00Z,女性,神戸市,
1541
1558
23,Q2439027,徳田秋声,1872-02-01T00:00:00Z,1943-11-18T00:00:00Z,男性,金沢市,
1312,Q3482776,木村荘八,1893-08-21T00:00:00Z,1958-11-18T00:00:00Z,男性,東京都,
77,Q7505122,押川春浪,1876-01-01T00:00:00Z,1914-01-01T00:00:00Z,男性,松山市,,海底軍艦,1900-11-15T00:00:00Z,24
1416
1398,Q476959,高木貞治,1875-04-21T00:00:00Z,1960-02-29T00:00:00Z,男性,春日村,
1088
61,Q7497650,橋本進吉,1882-12-24T00:00:00Z,1945-01-30T00:00:00Z,男性,敦賀市,
1536
169,Q282172,大杉栄,1885-01-17T00:00:00Z,1923-09-16T00:00:00Z,男性,丸亀市,
1570,Q1492075,小倉金之助,1885-03-14T00:00:00Z,1962-10-21T00:00:00Z,男性,山形県,
967
984,Q532947,葛西善蔵,1887-01-16T00:00:00Z,1928-07-23T00:00:00Z,男性,弘前市,
8,Q2278889,島木健作,1903-09-07T00:00:00Z,1945-08-17T00:00:00Z,男性,札幌市,
89,Q721416,北一輝,1883-04-03T00:00:00Z,1937-08-19T00:00:00Z,男性,加茂郡,,国体論及び純正社会主義,1906-01-01T00:00:00Z,23
271,Q461853,高山樗牛,1871-02-28T00:00:00Z,1902-12-24T00:00:00Z,男性,鶴岡市,
1293,Q11463914,小野佐世男,1905-02-06T00:00:00Z,1954-02-01T00:00:00Z,男性,横浜市,
227,Q11574787,生田春月,1892-03-12T00:00:00Z,1930-05-19T00:00:00Z,男性,,
1520,Q904161,柳宗悦,1889-01-01T00:00:00Z,1961-01-01T00:00:00Z,男性,東京都,
224
301,Q799787,穂積陳重,1855-08-23T00:00:00Z,1926-04-07T00:00:00Z,男性,宇和島市,
1156
922,Q11519728,末弘厳太郎,1888-11-30T00:00:00Z,1951-09-11T00:00:00Z,男性,山口県,
1364
1242,Q11425705,坪井正五郎,1863-02-22T00:00:00Z,1913-05-26T00:00:00Z,男性,江戸,
1065
1081,Q1234919,土井晩翠,1871-12-05T00:00:00Z,1952-10-19T00:00:00Z,男性,仙台市,
1584,Q18349,秋田雨雀,1883-01-30T00:00:00Z,1962-05-12T00:00:00Z,男性,青森県,
1217
564,Q11500641,斎藤秀三郎,1866-02-16T00:00:00Z,1929-11-09T00:00:00Z,男性,仙台市,
416,Q260984,伊藤野枝,1895-01-21T00:00:00Z,1923-09-16T00:00:00Z,女性,福岡市,
1581,Q532541,正宗白鳥,1879-03-03T00:00:00Z,1962-10-28T00:00:00Z,男性,備前市,
1695,Q1657991,飯田蛇笏,1885-04-26T00:00:00Z,1962-10-03T00:00:00Z,男性,五成村,
1305,Q106657811,羽志主水,1886-06-03T00:00:00Z,1957-02-26T00:00:00Z,男性,長野市,
63,Q1497601,宮武外骨,1867-01-18T00:00:00Z,1955-07-28T00:00:00Z,男性,讃岐国,
270
748
1310,Q743767,高浜虚子,1874-02-22T00:00:00Z,1959-04-08T00:00:00Z,男性,松山市,
1331,Q11595123,秋月種樹,1833-11-28T00:00:00Z,1904-10-17T00:00:00Z,男性,,
1332,Q6463901,佐藤一斎,1772-11-14T00:00:00Z,1859-10-19T00:00:00Z,男性,日本橋浜町,儒教
1166,Q3297139,中井正一,1900-02-14T00:00:00Z,1952-05-18T00:00:00Z,男性,広島県,
1568
1313,Q11545433,正岡容,1904-12-20T00:00:00Z,1958-12-07T00:00:00Z,男性,東京都,
1344,Q11419225,喜田貞吉,1871-07-11T00:00:00Z,1939-07-03T00:00:00Z,男性,櫛渕町,
1648
340
368
1733
1420,Q5367903,中山太郎,1924-08-27T00:00:00Z,2023-03-15T00:00:00Z,男性,大阪市,
1668,Q2213358,西東三鬼,1900-05-15T00:00:00Z,1962-04-01T00:00:00Z,男性,岡山県,
1125,Q17193453,井上紅梅,1881-01-01T00:00:00Z,1949-01-01T00:00:00Z,男性,,
1263,Q11516877,服部之総,1901-09-24T00:00:00Z,1956-03-04T00:00:00Z,男性,,
2034
843,Q1072569,山田美妙,1868-08-25T00:00:00Z,1910-10-24T00:00:00Z,男性,神田,
255,Q11420990,国枝史郎,1887-10-04T00:00:00Z,1943-04-08T00:00:00Z,男性,,
150,Q995219,薄田泣菫,1877-05-19T00:00:00Z,1945-10-09T00:00:00Z,男性,岡山県,,Hōjiro Bird,1940-01-01T00:00:00Z,63
1248,Q11383867,佐藤垢石,1888-06-18T00:00:00Z,1956-07-04T00:00:00Z,男性,,
1068
1499,Q2442233,外村繁,1902-12-23T00:00:00Z,1961-07-28T00:00:00Z,男性,東近江市,
905
1488,Q1440732,火野葦平,1907-01-25T00:00:00Z,1960-01-24T00:00:00Z,男性,北九州市,
310,Q11354116,三上於菟吉,1891-02-04T00:00:00Z,1944-02-07T00:00:00Z,男性,埼玉県,
1349,Q2165204,武田祐吉,1886-05-05T00:00:00Z,1958-03-29T00:00:00Z,男性,東京,
1468,Q731925,賀川豊彦,1888-07-10T00:00:00Z,1960-04-23T00:00:00Z,男性,神戸市,
1143,Q11627764,西尾正,1907-12-12T00:00:00Z,1949-03-10T00:00:00Z,男性,東京都,
1487,Q93745,浅沼稲次郎,1898-12-27T00:00:00Z,1960-10-12T00:00:00Z,男性,三宅島,
1789
1212,Q2972146,中江兆民,1847-12-08T00:00:00Z,1901-12-13T00:00:00Z,男性,高知市,,三酔人経綸問答,1887-05-01T00:00:00Z,40
1417
1535,Q901995,津田左右吉,1873-10-03T00:00:00Z,1961-12-04T00:00:00Z,男性,下米田村,
315
1211,Q6419167,清沢満之,1863-01-01T00:00:00Z,1903-01-01T00:00:00Z,男性,名古屋市,仏教
1669,Q11432397,大倉燁子,1886-04-12T00:00:00Z,1960-07-18T00:00:00Z,女性,東京都,
1340
1153,Q1936356,長岡半太郎,1865-08-15T00:00:00Z,1950-12-11T00:00:00Z,男性,大村市,
289
1329
248,Q11358655,上司小剣,1874-12-15T00:00:00Z,1947-09-02T00:00:00Z,男性,,
1205,Q11360967,下村千秋,1893-09-04T00:00:00Z,1955-01-31T00:00:00Z,男性,,
810,Q11522983,村井弦斎,1864-01-26T00:00:00Z,1927-07-30T00:00:00Z,男性,,,"“Kibun Daizin”, Part 6",1904-11-01T00:00:00Z,40
1157,Q1689627,神西清,1903-11-15T00:00:00Z,1957-03-11T00:00:00Z,男性,東京市,
1578,Q4701256,今村明恒,1870-01-01T00:00:00Z,1948-01-01T00:00:00Z,男性,鹿児島市,
1127,Q11571477,狩野直喜,1868-02-11T00:00:00Z,1947-12-13T00:00:00Z,男性,肥後国,
1407
276,Q7315919,知里幸恵,1903-06-08T00:00:00Z,1922-09-18T00:00:00Z,女性,登別市,
1539,Q11569605,片山敏彦,1898-01-01T00:00:00Z,1961-10-11T00:00:00Z,男性,,
320
1612
525,Q552583,木下尚江,1869-09-08T00:00:00Z,1937-11-05T00:00:00Z,男性,松本市,
325,Q11625260,蘭郁二郎,1913-09-02T00:00:00Z,1944-01-05T00:00:00Z,男性,東京都,,寝言レコード,1942-01-01T00:00:00Z,29
1397,Q11544223,橘外男,1894-10-10T00:00:00Z,1959-07-09T00:00:00Z,男性,,
1142,Q101200558,酒井嘉七,1903-03-15T00:00:00Z,1946-07-14T00:00:00Z,男性,,
1454,Q1448642,伊藤永之介,1903-11-21T00:00:00Z,1959-07-26T00:00:00Z,男性,秋田市,
1425,Q11459742,小寺菊子,1884-08-07T00:00:00Z,1956-11-26T00:00:00Z,女性,,
260,Q11577982,甲賀三郎,1893-10-05T00:00:00Z,1945-02-14T00:00:00Z,男性,日野町,,空家の怪,1925-01-01T00:00:00Z,32
268
1399
1325
1326,Q1150447,小笠原長生,1867-12-15T00:00:00Z,1958-09-20T00:00:00Z,男性,佐賀県,
236,Q10536171,大阪圭吉,1912-03-20T00:00:00Z,1945-07-02T00:00:00Z,男性,新城市,
1346,Q1262037,片山広子,1878-02-10T00:00:00Z,1958-03-19T00:00:00Z,女性,東京,
1486,Q11384349,佐藤緑葉,1886-07-01T00:00:00Z,1960-09-02T00:00:00Z,男性,,
75
262,Q10529097,小酒井不木,1890-10-08T00:00:00Z,1929-04-01T00:00:00Z,男性,愛知県,
1179
1497,Q3155124,吉井勇,1886-10-08T00:00:00Z,1960-11-19T00:00:00Z,男性,東京,
1054
740,Q11409465,原口統三,1927-01-14T00:00:00Z,1946-10-25T00:00:00Z,男性,,
1479,Q11665473,風巻景次郎,1902-05-22T00:00:00Z,1960-01-04T00:00:00Z,男性,兵庫県,
95,Q3335825,佐々木直次郎,1901-03-27T00:00:00Z,1943-05-24T00:00:00Z,男性,小松市,
241,Q11462045,小栗風葉,1875-02-03T00:00:00Z,1926-01-15T00:00:00Z,男性,半田市,
1195
1372,Q11534691,柴崎芳太郎,1876-08-13T00:00:00Z,1938-01-29T00:00:00Z,男性,,
684,Q11394580,内藤鳴雪,1847-05-29T00:00:00Z,1926-01-01T00:00:00Z,男性,江戸,
1702
1190
252
488,Q10959287,小柳司気太,1870-12-24T00:00:00Z,1940-07-18T00:00:00Z,男性,,,詳解漢和大字典 増補版,1943-01-01T00:00:00Z,73
275,Q1072604,近松秋江,1876-05-04T00:00:00Z,1944-04-23T00:00:00Z,男性,岡山県,
1193
1308,Q432971,徳永直,1899-01-20T00:00:00Z,1958-02-15T00:00:00Z,男性,花園村,
1192
978
1229
1272,Q55401,溝口健二,1898-05-16T00:00:00Z,1956-08-24T00:00:00Z,男性,東京都,
603,Q1188365,白鳥庫吉,1865-03-01T00:00:00Z,1942-03-30T00:00:00Z,男性,茂原市,
134,Q339670,佐左木俊郎,1900-04-14T00:00:00Z,1933-03-13T00:00:00Z,男性,一栗村,
304
1543,Q7678089,犬養健,1896-07-28T00:00:00Z,1960-08-28T00:00:00Z,男性,東京,
10
712,Q6526576,成島柳北,1837-03-22T00:00:00Z,1884-11-30T00:00:00Z,男性,,儒教
1575
48,Q11408503,南部修太郎,1892-10-12T00:00:00Z,1936-06-22T00:00:00Z,男性,仙台市,
1151,Q1791984,久米正雄,1891-11-23T00:00:00Z,1952-03-01T00:00:00Z,男性,上田市,,学生時代,1910-01-01T00:00:00Z,19
247,Q11398818,加能作次郎,1885-01-10T00:00:00Z,1941-08-05T00:00:00Z,男性,,
930,Q11045551,山本禾太郎,1889-02-28T00:00:00Z,1951-01-01T00:00:00Z,男性,神戸市,
162,Q532557,若山牧水,1885-08-24T00:00:00Z,1928-09-17T00:00:00Z,男性,東郷町,
388,Q11559764,淡島寒月,1859-11-17T00:00:00Z,1926-02-23T00:00:00Z,男性,日本橋馬喰町,キリスト教
102,Q551262,石橋忍月,1865-09-01T00:00:00Z,1926-02-01T00:00:00Z,男性,福岡県,
1154
212,Q1386248,竹久夢二,1884-09-16T00:00:00Z,1934-09-01T00:00:00Z,男性,本庄村,
457,Q386457,大槻文彦,1847-12-22T00:00:00Z,1928-02-17T00:00:00Z,男性,木挽町,
963,Q11644976,野上豊一郎,1883-09-14T00:00:00Z,1950-02-23T00:00:00Z,男性,臼杵市,
1261,Q11643000,邦枝完二,1892-12-28T00:00:00Z,1956-08-02T00:00:00Z,男性,東京都,
1222,Q288947,高楠順次郎,1866-06-29T00:00:00Z,1945-06-28T00:00:00Z,男性,三原市,,大日本仏教全書,1912-01-01T00:00:00Z,46
1865
1306
278,Q11556182,津村信夫,1909-01-05T00:00:00Z,1944-06-27T00:00:00Z,男性,神戸市,
1178
1370,Q11633986,豊田三郎,1908-09-18T00:00:00Z,2015-12-06T00:00:00Z,男性,下味見村,
221,Q11483108,平林初之輔,1892-11-08T00:00:00Z,1931-06-15T00:00:00Z,男性,京都府,
606,Q2363775,杉田久女,1890-05-30T00:00:00Z,1946-01-21T00:00:00Z,女性,鹿児島市,
754,Q11591938,福士幸次郎,1889-11-05T00:00:00Z,1946-10-11T00:00:00Z,男性,弘前市,
290
565,Q3777938,斎藤緑雨,1868-01-24T00:00:00Z,1904-04-13T00:00:00Z,男性,三重県,
959,Q11582499,相馬御風,1883-07-10T00:00:00Z,1950-05-08T00:00:00Z,男性,糸魚川町,
1123
72
1703
491,Q1735602,片岡鉄兵,1894-02-02T00:00:00Z,1944-12-25T00:00:00Z,男性,岡山県,
492,Q7046224,片上伸,1884-02-20T00:00:00Z,1928-03-05T00:00:00Z,男性,愛媛県,
1931,Q11473611,岡田武松,1874-08-17T00:00:00Z,1956-09-02T00:00:00Z,男性,布佐町,
1073,Q11672049,高田保,1895-03-28T00:00:00Z,1952-02-20T00:00:00Z,男性,新治郡,
1704
1732
1294,Q18701043,兼常清佐,1885-11-22T00:00:00Z,1957-04-25T00:00:00Z,男性,,
577,Q79312452,佐藤惣之助,1895-01-01T00:00:00Z,1970-01-04T00:00:00Z,男性,仙台市,
159,Q3189987,辻潤,1884-10-04T00:00:00Z,1944-11-24T00:00:00Z,男性,東京,
1149
1251
165,Q11394384,内田魯庵,1868-04-27T00:00:00Z,1929-06-29T00:00:00Z,男性,江戸,
1392,Q11653668,長谷健,1904-10-17T00:00:00Z,1957-12-21T00:00:00Z,男性,梁川町,
1577,Q11092269,服部宇之吉,1867-06-02T00:00:00Z,1939-07-11T00:00:00Z,男性,,,詳解漢和大字典 増補版,1943-01-01T00:00:00Z,76
1368,Q11468997,山本実彦,1885-01-05T00:00:00Z,1952-07-01T00:00:00Z,男性,薩摩川内市,,政府部内人物評,1909-01-01T00:00:00Z,24
1533,Q6455182,宇野浩二,1891-07-26T00:00:00Z,1961-09-21T00:00:00Z,男性,福岡市,
526,Q533193,木下利玄,1886-01-01T00:00:00Z,1925-02-15T00:00:00Z,男性,岡山市,
1147,Q11582502,相馬愛蔵,1870-11-08T00:00:00Z,1954-02-14T00:00:00Z,男性,穂高町,
1148,Q11582549,相馬黒光,1876-09-12T00:00:00Z,1955-03-02T00:00:00Z,女性,仙台市,
1542,Q615906,青野季吉,1890-01-01T00:00:00Z,1961-01-01T00:00:00Z,男性,佐渡市,
1086
1521
1231,Q21702164,松本文三郎,1869-01-01T00:00:00Z,1944-12-18T00:00:00Z,男性,,
1481
249,Q1723404,嘉村礒多,1897-12-15T00:00:00Z,1933-11-30T00:00:00Z,男性,山口市,
1082,Q11582514,相馬泰三,1885-12-29T00:00:00Z,1952-05-15T00:00:00Z,男性,,
112,Q11549344,水野仙子,1888-12-03T00:00:00Z,1919-05-31T00:00:00Z,女性,須賀川市,
1172,Q67875327,村山籌子,1903-11-07T00:00:00Z,1946-08-04T00:00:00Z,女性,,
1295
1396,Q11409924,原田義人,1918-08-05T00:00:00Z,1960-08-01T00:00:00Z,男性,東京都,
237,Q11437999,大町桂月,1869-03-06T00:00:00Z,1925-06-10T00:00:00Z,男性,高知市,
1101
1374,Q11431835,大下藤次郎,1870-01-01T00:00:00Z,1911-01-01T00:00:00Z,男性,東京都,
1379,Q17227981,小川登喜男,1908-01-01T00:00:00Z,1949-01-01T00:00:00Z,男性,東京都,
1381,Q1673887,石井柏亭,1882-03-28T00:00:00Z,1958-12-29T00:00:00Z,男性,御徒町,
141,Q706196,坪内逍遥,1859-05-22T00:00:00Z,1935-02-28T00:00:00Z,男性,太田宿,,小説神髄,1885-01-01T00:00:00Z,26
1037,Q108177411,原勝郎,1889-06-04T00:00:00Z,1966-07-16T00:00:00Z,男性,山武郡,
163,Q535871,若松賤子,1864-03-06T00:00:00Z,1896-02-10T00:00:00Z,女性,会津若松市,
1476,Q11442016,大鹿卓,1898-08-25T00:00:00Z,1959-02-01T00:00:00Z,男性,,
348
1567,Q18014854,橘樸,1881-01-01T00:00:00Z,1945-01-01T00:00:00Z,男性,臼杵市,
1337
802,Q11355082,三宅花圃,1869-02-04T00:00:00Z,1943-07-18T00:00:00Z,女性,東京都,,藪の鶯,1988-01-01T00:00:00Z,119
1375
1373,Q11518461,木暮理太郎,1873-12-07T00:00:00Z,1944-05-07T00:00:00Z,男性,,
1228,Q11638254,辻村もと子,1906-01-01T00:00:00Z,1946-05-24T00:00:00Z,女性,北海道,
1017,Q251702,三上義夫,1875-02-16T00:00:00Z,1950-12-31T00:00:00Z,男性,安芸高田市,,A History of Japanese Mathematics,1914-01-01T00:00:00Z,39
220,Q11413410,吉江喬松,1880-09-05T00:00:00Z,1940-03-26T00:00:00Z,男性,塩尻市,
1389
940,Q11396783,別所梅之助,1872-01-21T00:00:00Z,1945-03-01T00:00:00Z,男性,東京都,
1388,Q905142,新島襄,1843-02-12T00:00:00Z,1890-01-23T00:00:00Z,男性,神田,
111,Q6883414,佐々木味津三,1896-01-01T00:00:00Z,1934-02-06T00:00:00Z,男性,,
1062
1595,Q5385606,井上準之助,1869-05-06T00:00:00Z,1932-02-09T00:00:00Z,男性,日田県,
970
1262
342
1066
338
1428
374,Q380465,饗庭篁村,1855-09-25T00:00:00Z,1922-06-20T00:00:00Z,男性,東京市,
1314
1990
347
380,Q11556960,浅井洌,1849-11-24T00:00:00Z,1934-02-27T00:00:00Z,男性,,
1816,Q11557380,浅野正恭,1868-01-22T00:00:00Z,1954-10-20T00:00:00Z,男性,源清田村 (1889-1942),
225
1909,Q11450340,安倍能成,1883-12-23T00:00:00Z,1966-06-07T00:00:00Z,男性,松山市,
1948,Q404867,鮎川義介,1880-11-06T00:00:00Z,1967-02-13T00:00:00Z,男性,山口市,
1902,Q11501247,新井紀一,1890-02-22T00:00:00Z,1966-03-13T00:00:00Z,男性,,
1716
1221,Q11618978,荻原雲来,1869-03-22T00:00:00Z,1937-12-20T00:00:00Z,男性,,浄土宗
2044
366
1863,Q3091320,安西冬衛,1898-01-01T00:00:00Z,1965-08-24T00:00:00Z,男性,奈良県,
907
1597
1626,Q98431975,猪狩満直,1898-01-01T00:00:00Z,1938-01-01T00:00:00Z,男性,,
392
393,Q1658184,生田長江,1881-04-21T00:00:00Z,1936-11-01T00:00:00Z,男性,日野町,
1413,Q11551689,池田亀鑑,1896-12-09T00:00:00Z,1956-12-19T00:00:00Z,男性,,
1352,Q11552146,池田輝方,1883-01-04T00:00:00Z,1921-05-06T00:00:00Z,男性,東京都,
398,Q1348713,池谷信三郎,1900-10-15T00:00:00Z,1933-01-01T00:00:00Z,男性,京橋区,
868
228
1252,Q18233228,石井研堂,1865-08-14T00:00:00Z,1943-12-06T00:00:00Z,男性,,
1460,Q11465119,尾佐竹猛,1880-01-20T00:00:00Z,1946-10-01T00:00:00Z,男性,,
1170,Q11585669,石川三四郎,1876-05-23T00:00:00Z,1956-11-28T00:00:00Z,男性,埼玉県,
1835,Q22117859,石川成章,1872-07-26T00:00:00Z,1945-09-06T00:00:00Z,男性,,
1478,Q2740738,石川千代松,1860-01-30T00:00:00Z,1935-01-17T00:00:00Z,男性,江戸,
1206,Q11586746,石河幹明,1859-11-11T00:00:00Z,1943-07-25T00:00:00Z,男性,,
229
1742,Q530761,石原忍,1879-09-25T00:00:00Z,1963-01-03T00:00:00Z,男性,東京府,
1665,Q41694639,泉芳朗,1905-03-18T00:00:00Z,1959-04-09T00:00:00Z,男性,,
864,Q45830610,板倉勝宣,1897-01-01T00:00:00Z,1923-01-17T00:00:00Z,男性,東京府,
412
1197,Q1675394,伊東静雄,1906-12-10T00:00:00Z,1953-03-12T00:00:00Z,男性,諫早市,
1642
1232,Q1050457,伊東忠太,1867-10-26T00:00:00Z,1954-04-07T00:00:00Z,男性,米沢市,
1961,Q11596488,稲垣巌,1897-02-15T00:00:00Z,1937-08-15T00:00:00Z,男性,東京都,
1289,Q11571238,犬田卯,1891-08-23T00:00:00Z,1957-07-21T00:00:00Z,男性,,
1685,Q11373243,井上貞治郎,1881-08-16T00:00:00Z,1963-11-10T00:00:00Z,男性,兵庫県,
420,Q382335,井上哲次郎,1856-12-25T00:00:00Z,1944-11-09T00:00:00Z,男性,太宰府市,,新体詩抄,1882-01-01T00:00:00Z,26
1315,Q110053033,井上良夫,1908-09-03T00:00:00Z,1945-04-25T00:00:00Z,男性,若松市,
232,Q902073,伊波普猷,1876-03-15T00:00:00Z,1947-08-13T00:00:00Z,男性,那覇市,,琉球の五偉人,1916-01-01T00:00:00Z,40
1336
1210,Q11265914,違星北斗,1901-01-01T00:00:00Z,1929-01-26T00:00:00Z,男性,余市町,
234,Q13099706,今井邦子,1890-05-31T00:00:00Z,1948-07-15T00:00:00Z,女性,徳島市,
1627,Q21015162,今村恒夫,1908-01-01T00:00:00Z,1936-01-01T00:00:00Z,男性,福岡県,
430,Q5162274,伊良子清白,1877-10-04T00:00:00Z,1946-01-10T00:00:00Z,男性,,
137,Q1506319,岩野泡鳴,1873-01-20T00:00:00Z,1920-05-09T00:00:00Z,男性,淡路市,
1353,Q11475178,岩村透,1870-02-25T00:00:00Z,1917-08-17T00:00:00Z,男性,,
493,Q21890560,加藤朝鳥,1886-09-19T00:00:00Z,1938-05-17T00:00:00Z,男性,,
1534,Q11475131,岩本素白,1883-08-17T00:00:00Z,1961-10-02T00:00:00Z,男性,東京都,
17
435
1628,Q18817383,上田進,1907-10-24T00:00:00Z,1947-02-24T00:00:00Z,男性,東京都,
1903,Q11359800,上田広,1905-06-18T00:00:00Z,1966-02-27T00:00:00Z,男性,千葉県,
880
1705
1582,Q11449578,宇田川文海,1848-03-28T00:00:00Z,1930-01-06T00:00:00Z,男性,,
1070,Q11588812,神吉三郎,1899-01-01T00:00:00Z,1952-01-01T00:00:00Z,男性,,
1762
1798,Q11538465,梅崎春生,1915-02-15T00:00:00Z,1965-07-19T00:00:00Z,男性,福岡市,,桜島,1956-09-01T00:00:00Z,41
1630
1321
448,Q3503156,江見水蔭,1869-01-01T00:00:00Z,1934-01-01T00:00:00Z,男性,岡山市,
1139
1908,Q11463305,小穴隆一,1894-11-28T00:00:00Z,1966-04-24T00:00:00Z,男性,北海道,
1631
1632
1689
1879,Q243141,大隈重信,1838-03-11T00:00:00Z,1922-01-10T00:00:00Z,男性,佐賀市,
1872,Q11431826,大下宇陀児,1896-11-15T00:00:00Z,1966-08-11T00:00:00Z,男性,長野県,
863
1824,Q11433737,大坪砂男,1904-02-01T00:00:00Z,1965-01-12T00:00:00Z,男性,東京市,
1316
1474,Q2866298,丘浅次郎,1868-11-18T00:00:00Z,1944-05-02T00:00:00Z,男性,静岡県,,Jin hua yu ren sheng,1920-01-01T00:00:00Z,52
965
467
1354
1355,Q11473409,岡田三郎助,1869-02-12T00:00:00Z,1939-12-16T00:00:00Z,男性,佐賀県,
874,Q11465324,尾形亀之助,1900-12-12T00:00:00Z,1942-12-02T00:00:00Z,男性,,
239,Q1647940,岡本一平,1886-06-11T00:00:00Z,1948-10-11T00:00:00Z,男性,函館市,
1339,Q3196510,岡本帰一,1888-06-12T00:00:00Z,1930-12-29T00:00:00Z,男性,兵庫県,
474,Q6782482,小川正子,1902-03-26T00:00:00Z,1943-04-29T00:00:00Z,女性,山梨県,
120,Q1343550,木下杢太郎,1885-08-01T00:00:00Z,1945-10-15T00:00:00Z,男性,賀茂郡,
1180,Q11553042,沖野岩三郎,1876-01-05T00:00:00Z,1956-01-31T00:00:00Z,男性,,
240
1753,Q11465191,尾崎士郎,1898-02-05T00:00:00Z,1964-01-01T00:00:00Z,男性,横須賀村,,人生劇場,1959-04-01T00:00:00Z,61
242
479,Q975606,小山内薫,1881-07-26T00:00:00Z,1928-12-25T00:00:00Z,男性,広島市,
1589
1761,Q55402,小津安二郎,1903-12-12T00:00:00Z,1963-12-12T00:00:00Z,男性,深川区,
1887,Q2875279,小野梓,1852-03-10T00:00:00Z,1886-01-11T00:00:00Z,男性,土佐国,
243
871,Q11464154,小野浩,1907-09-01T00:00:00Z,1997-01-01T00:00:00Z,男性,,
1356
201
1246,Q2038322,恩地孝四郎,1891-07-02T00:00:00Z,1955-06-03T00:00:00Z,男性,淀橋町,
1290
244
1978,Q11400350,勝本清一郎,1899-05-05T00:00:00Z,1967-03-23T00:00:00Z,男性,東京都,
1286,Q11536649,桂小南,1880-05-24T00:00:00Z,1947-11-21T00:00:00Z,男性,,
919,Q21699468,加藤一夫,1925-02-18T00:00:00Z,2012-10-07T00:00:00Z,男性,秋田市,
1317,Q28354653,加藤弘之,1955-09-05T00:00:00Z,2016-08-30T00:00:00Z,男性,,
1240,Q4217426,加藤道夫,1918-10-18T00:00:00Z,1953-12-22T00:00:00Z,男性,福岡県,
1984,Q11647465,金沢庄三郎,1872-06-12T00:00:00Z,1967-06-02T00:00:00Z,男性,大阪府,,辞林,1907-01-01T00:00:00Z,35
873,Q131226504,金田千鶴,1902-11-01T00:00:00Z,1934-08-17T00:00:00Z,,泰阜村,
1956,Q11647268,金森徳次郎,1886-03-17T00:00:00Z,1959-06-16T00:00:00Z,男性,名古屋市,
920,Q11646861,金子薫園,1876-11-30T00:00:00Z,1951-03-30T00:00:00Z,男性,神田淡路町,
246
1781,Q11647734,金田鬼一,1886-12-10T00:00:00Z,1963-11-01T00:00:00Z,男性,東京都,
866,Q11571447,狩野亨吉,1865-09-17T00:00:00Z,1942-12-22T00:00:00Z,男性,大館町,
891
1870,Q382681,亀井勝一郎,1907-02-06T00:00:00Z,1966-11-14T00:00:00Z,男性,函館市,
1076,Q11672739,高良とみ,1896-07-01T00:00:00Z,1993-01-17T00:00:00Z,女性,富山県,
1906,Q6379524,河井寛次郎,1890-08-24T00:00:00Z,1966-11-18T00:00:00Z,男性,安来市,
1861
507,Q529950,川上眉山,1869-03-05T00:00:00Z,1908-06-15T00:00:00Z,男性,大阪市,
1911,Q552393,川田順,1882-01-15T00:00:00Z,1966-01-22T00:00:00Z,男性,東京,
1588
1532,Q11479024,川田瑞穂,1879-05-24T00:00:00Z,1951-01-27T00:00:00Z,,,,玉音放送,1945-08-15T00:00:00Z,66
369
510,Q1737276,河東碧梧桐,1873-02-26T00:00:00Z,1937-02-01T00:00:00Z,男性,松山市,
938
1731,Q111627871,神田左京,1874-07-07T00:00:00Z,1939-07-07T00:00:00Z,,佐々町,
1666
1055,Q1722870,蒲原有明,1876-03-15T00:00:00Z,1952-02-03T00:00:00Z,男性,東京,
1484
872,Q112106903,木内高音,1896-02-28T00:00:00Z,1951-06-07T00:00:00Z,男性,尾道市,
514,Q11619768,菊池幽芳,1870-12-18T00:00:00Z,1947-07-21T00:00:00Z,男性,,
1723,Q56349156,斎藤三郎,1895-08-26T00:00:00Z,1960-02-02T00:00:00Z,男性,,
164,Q287644,堺利彦,1871-01-15T00:00:00Z,1933-01-23T00:00:00Z,男性,豊津村,
251,Q3021493,岸田劉生,1891-06-23T00:00:00Z,1929-12-20T00:00:00Z,男性,銀座,
1751
1357,Q106480854,北村四海,1871-04-01T00:00:00Z,1927-11-14T00:00:00Z,男性,,
1537,Q11419166,喜多村緑郎,1871-09-07T00:00:00Z,1961-05-16T00:00:00Z,男性,東京市,
114
1207,Q11519072,木村芥舟,1830-02-27T00:00:00Z,1901-12-09T00:00:00Z,男性,,
1243,Q11518816,木村小舟,1881-09-12T00:00:00Z,1955-01-01T00:00:00Z,男性,,
1894,Q11519088,木村荘十,1897-01-12T00:00:00Z,1967-05-06T00:00:00Z,男性,東京都,
1643
1327,Q11611482,肝付兼行,1853-04-23T00:00:00Z,1922-01-13T00:00:00Z,男性,,
1393
1078
253,Q3200221,陸羯南,1857-11-30T00:00:00Z,1907-09-02T00:00:00Z,男性,弘前市,
1516
1866,Q22126593,楠田匡介,1903-08-23T00:00:00Z,1966-09-23T00:00:00Z,男性,,
367
1834
1633
1307,Q939797,久保栄,1900-12-28T00:00:00Z,1958-03-15T00:00:00Z,男性,札幌市,
537,Q11369161,久保良英,1883-04-22T00:00:00Z,1942-11-12T00:00:00Z,男性,,
1907,Q1790933,窪田空穂,1877-06-08T00:00:00Z,1967-04-12T00:00:00Z,男性,和田村,
1692,Q461320,久保田万太郎,1889-11-11T00:00:00Z,1963-05-06T00:00:00Z,男性,東京,
1144
1645
1821,Q11621895,蔵原伸二郎,1899-09-04T00:00:00Z,1965-03-16T00:00:00Z,男性,阿蘇市,
357
1527
1563
1707
974
37,Q376499,黒島伝治,1898-12-12T00:00:00Z,1943-10-17T00:00:00Z,男性,香川県,,武装せる市街,1930-01-01T00:00:00Z,32
257,Q910913,黒田清輝,1866-08-09T00:00:00Z,1924-07-15T00:00:00Z,男性,東千石町,
1435
542,Q11537559,桑木厳翼,1874-06-25T00:00:00Z,1946-12-15T00:00:00Z,男性,東京都,
1250
1285
1300
1769
1846,Q11462484,小泉信三,1888-05-04T00:00:00Z,1966-05-11T00:00:00Z,男性,三田,日本聖公会
1759,Q11452720,実吉捷郎,1895-01-20T00:00:00Z,1962-02-15T00:00:00Z,男性,東京都,
1774,Q11672657,高祖保,1910-05-04T00:00:00Z,1945-01-08T00:00:00Z,男性,,
1469,Q11554192,河野常吉,1863-01-11T00:00:00Z,1930-09-03T00:00:00Z,男性,,
1677,Q5770576,河野広道,1905-01-01T00:00:00Z,1963-01-01T00:00:00Z,男性,,
1797,Q5368816,河本大作,1883-01-24T00:00:00Z,1955-08-25T00:00:00Z,男性,兵庫県,
1077,Q11643229,郡虎彦,1890-01-01T00:00:00Z,1924-10-06T00:00:00Z,男性,東京都,
364
1247,Q11464316,小金井喜美子,1870-01-19T00:00:00Z,1956-01-26T00:00:00Z,女性,,
1186
599,Q11476392,島村抱月,1871-02-28T00:00:00Z,1918-11-05T00:00:00Z,男性,那賀郡,
27,Q6132378,小島烏水,1873-12-29T00:00:00Z,1948-12-13T00:00:00Z,男性,横浜市,
1803,Q11460982,小杉放庵,1881-12-30T00:00:00Z,1964-04-16T00:00:00Z,男性,日光市,
1672
553,Q11388754,児玉花外,1874-07-07T00:00:00Z,1943-09-20T00:00:00Z,男性,,
1613
1256,Q110403372,小林一三,,,男性,,真言宗
1201
1884,Q11459716,小宮豊隆,1884-03-07T00:00:00Z,1966-05-03T00:00:00Z,男性,福岡県,
1268,Q11461005,小村雪岱,1887-03-22T00:00:00Z,1940-10-17T00:00:00Z,男性,川越市,
1867,Q11459912,小山清,1911-10-04T00:00:00Z,1965-03-06T00:00:00Z,男性,東京都,
601,Q11404729,十一谷義三郎,1897-10-14T00:00:00Z,1937-04-02T00:00:00Z,男性,神戸市,,唐人お吉,1930-01-01T00:00:00Z,33
362
1390
1471,Q17228567,今野大力,1904-02-05T00:00:00Z,1935-06-19T00:00:00Z,男性,北海道,
1736
1131
1409
46
1804,Q11355911,三枝博音,1892-05-20T00:00:00Z,1963-11-09T00:00:00Z,男性,,
1806
1096
1778,Q11622162,薄田斬雲,1877-01-27T00:00:00Z,1956-03-27T00:00:00Z,男性,青森県,
1849,Q11656081,関根秀雄,1895-09-17T00:00:00Z,1987-07-27T00:00:00Z,男性,東京都,
1213,Q11566705,瀬沼夏葉,1875-12-11T00:00:00Z,1915-02-28T00:00:00Z,女性,高崎市,正教会
913
621,Q11669040,高垣松雄,1890-12-13T00:00:00Z,1940-09-13T00:00:00Z,男性,横須賀市,
1920
2053
1767
1604
263
1750,Q11382417,佐々木邦,1883-05-04T00:00:00Z,1964-09-22T00:00:00Z,男性,,
1691,Q462145,佐佐木信綱,1872-07-08T00:00:00Z,1963-12-02T00:00:00Z,男性,鈴鹿市,,Sparrow,1940-01-01T00:00:00Z,68
911,Q126006883,ささきふさ,1897-12-06T00:00:00Z,1949-10-04T00:00:00Z,女性,芝区,
1904,Q11382926,佐佐木茂索,1894-11-11T00:00:00Z,1966-12-01T00:00:00Z,男性,京都府,
1713
1614,Q11384181,佐藤武夫,1899-10-22T00:00:00Z,1972-04-11T00:00:00Z,男性,名古屋市,
1763,Q131225942,佐藤春夫,1951-04-03T00:00:00Z,,男性,,
219,Q11644595,里村欣三,1902-03-13T00:00:00Z,1945-02-23T00:00:00Z,男性,,
1227,Q11384969,佐野友三郎,1864-04-15T00:00:00Z,1920-05-13T00:00:00Z,男性,埼玉県,
166
1141
1932
2007,Q938347,山東京伝,1761-09-13T00:00:00Z,1816-10-27T00:00:00Z,男性,木場,,江戸生艶気樺焼,1785-01-01T00:00:00Z,24
585
1805
1925
1995
1862,Q11486994,式場隆三郎,1898-07-02T00:00:00Z,1965-11-25T00:00:00Z,男性,五泉町,
1794,Q335191,幣原喜重郎,1872-09-13T00:00:00Z,1951-03-10T00:00:00Z,男性,門真市,
1832,Q11534791,柴田宵曲,1897-09-02T00:00:00Z,1966-08-23T00:00:00Z,男性,東京都,
1970
265,Q11476347,島木赤彦,1876-12-16T00:00:00Z,1926-03-27T00:00:00Z,男性,,
1526,Q11477047,島袋源一郎,1885-10-08T00:00:00Z,1942-03-27T00:00:00Z,男性,沖縄県,
1146,Q11561116,清水紫琴,1868-01-01T00:00:00Z,1933-07-31T00:00:00Z,女性,備前市,
1615,Q97443790,下川儀太郎,1904-02-01T00:00:00Z,1961-02-06T00:00:00Z,男性,静岡市,
1696
360
352,Q11575596,田中早苗,1970-10-05T00:00:00Z,,女性,,
1194
1551,Q11523646,条野採菊,1832-09-24T00:00:00Z,1902-01-24T00:00:00Z,男性,日本橋,
12,Q7499469,素木しづ,1895-03-26T00:00:00Z,1918-01-29T00:00:00Z,女性,札幌市,
1427,Q11577464,田部隆次,1875-01-01T00:00:00Z,1957-12-20T00:00:00Z,男性,,
956,Q11579841,白柳秀湖,1884-01-07T00:00:00Z,1950-11-09T00:00:00Z,男性,,
1485
1938,Q125127291,新村出,1961-03-13T00:00:00Z,,男性,,
1607
133,Q461024,菅原孝標女,1008-01-01T00:00:00Z,1060-01-01T00:00:00Z,女性,京都市,,Diaries of Court Ladies of Old Japan,1920-01-01T00:00:00Z,912
608
957,Q3369717,鈴木梅太郎,1874-04-07T00:00:00Z,1943-09-20T00:00:00Z,男性,牧之原市,
1350
1833,Q44847,鈴木大拙,1870-10-18T00:00:00Z,1965-07-12T00:00:00Z,男性,本多町,臨済宗,禅学への道,1934-01-01T00:00:00Z,64
101
975
1985,Q21653341,薄田太郎,1902-11-01T00:00:00Z,1967-04-23T00:00:00Z,男性,,
1145
1026,Q11655704,関寛,1946-11-04T00:00:00Z,,男性,札幌市,
1402,Q11655608,関口存男,1894-11-21T00:00:00Z,1958-07-25T00:00:00Z,男性,姫路市,
1358,Q105261899,関根黙庵,1863-01-01T00:00:00Z,1923-11-27T00:00:00Z,男性,,
1606
617,Q3325265,千家元麿,1888-06-08T00:00:00Z,1948-03-14T00:00:00Z,男性,東京,
1199
1191,Q28611960,高木敏雄,1876-01-01T00:00:00Z,1922-01-01T00:00:00Z,男性,,
1371,Q117074024,高頭仁兵衛,1877-01-01T00:00:00Z,1958-04-06T00:00:00Z,男性,新潟県,
116,Q3541638,鷹野つぎ,1890-01-01T00:00:00Z,1943-03-19T00:00:00Z,女性,浜松市,
1697,Q11673014,高野六郎,1884-09-03T00:00:00Z,1960-12-15T00:00:00Z,男性,,
1823,Q2389134,高見順,1907-01-30T00:00:00Z,1965-08-17T00:00:00Z,男性,三国町,,高見順日記,1959-01-01T00:00:00Z,52
1540,Q11584669,知里真志保,1909-02-24T00:00:00Z,1961-06-09T00:00:00Z,男性,登別市,
1780,Q3514172,高群逸枝,1894-01-18T00:00:00Z,1964-06-07T00:00:00Z,女性,熊本県,
634,Q4121064,田口卯吉,1855-06-12T00:00:00Z,1905-04-13T00:00:00Z,男性,東京都,,日本開化小史,1877-01-01T00:00:00Z,22
636,Q11598837,竹内勝太郎,1894-10-20T00:00:00Z,1935-06-25T00:00:00Z,男性,京都府,
1675,Q11598924,竹内浩三,1921-05-12T00:00:00Z,1945-04-09T00:00:00Z,男性,,
977
189,Q11546264,武田麟太郎,1904-05-09T00:00:00Z,1946-03-31T00:00:00Z,男性,大阪市,
1075
1184,Q125854829,手塚寿郎,1896-04-12T00:00:00Z,1943-05-03T00:00:00Z,男性,栃木県,
904
1624
1782,Q11637908,辰野九紫,1892-07-16T00:00:00Z,1962-08-06T00:00:00Z,男性,鳥取市,
1796,Q11637913,辰野隆,1888-03-01T00:00:00Z,1964-02-28T00:00:00Z,男性,東京都,,天皇陛下大いに笑ふ,1949-01-01T00:00:00Z,61
1122
1610,Q108111328,田辺孝次,1890-04-21T00:00:00Z,1945-04-16T00:00:00Z,男性,金沢市,
272
273,Q11577173,田畑修一郎,1903-09-02T00:00:00Z,1943-07-23T00:00:00Z,男性,,
1634
1226,Q11576942,田村松魚,1874-02-04T00:00:00Z,1948-03-06T00:00:00Z,男性,,
655,Q435062,田村俊子,1884-04-25T00:00:00Z,1945-04-16T00:00:00Z,女性,東京,,Un lápiz labial para una momia,2019-02-28T00:00:00Z,135
678,Q1244061,富永太郎,1901-05-04T00:00:00Z,1925-11-12T00:00:00Z,男性,東京,
1635
274
1722
1557,Q13365075,丹波敬三,1854-02-25T00:00:00Z,1927-01-01T00:00:00Z,男性,大阪府,
365
1057
1876,Q11428402,塚原健二郎,1895-02-16T00:00:00Z,1965-08-07T00:00:00Z,男性,,
660,Q11428418,塚原渋柿園,1848-04-04T00:00:00Z,1917-07-05T00:00:00Z,,,
934
277,Q11638256,辻村伊助,1886-04-22T00:00:00Z,1923-09-01T00:00:00Z,男性,神奈川県,
1671
1322,Q3284999,津田真道,1829-07-25T00:00:00Z,1903-09-03T00:00:00Z,男性,津山市,
344,Q11423808,土田杏村,1891-01-15T00:00:00Z,1934-04-25T00:00:00Z,男性,,
87,Q7850178,綱島梁川,1873-01-01T00:00:00Z,1907-09-14T00:00:00Z,男性,,
1939,Q11492225,恒藤恭,1888-12-03T00:00:00Z,1967-11-02T00:00:00Z,男性,松江市,
1674,Q11676023,鶴彬,1909-01-01T00:00:00Z,1938-09-14T00:00:00Z,男性,,
884
1087
1084
1198,Q125299234,土井八枝,1879-01-01T00:00:00Z,1948-01-01T00:00:00Z,女性,,
1135
1654
1181
1788,Q11405179,十返肇,1914-03-25T00:00:00Z,1963-08-28T00:00:00Z,男性,高松市,
669,Q1457862,戸川秋骨,1871-02-07T00:00:00Z,1939-07-09T00:00:00Z,男性,玉名市,
1968,Q2024431,時枝誠記,1900-12-06T00:00:00Z,1967-10-27T00:00:00Z,男性,東京,
1369,Q708794,徳富蘇峰,1863-03-14T00:00:00Z,1957-11-02T00:00:00Z,男性,上益城郡,
1611
1658
1455,Q11579148,登張竹風,1873-10-02T00:00:00Z,1955-01-06T00:00:00Z,男性,江田島,
149,Q7818929,富岡誠,1897-01-01T00:00:00Z,1926-04-15T00:00:00Z,男性,福岡県,
1715
1958,Q3541671,富田常雄,1904-01-01T00:00:00Z,1967-10-16T00:00:00Z,男性,東京,
677,Q11457190,富田木歩,1897-04-14T00:00:00Z,1923-09-01T00:00:00Z,男性,東京都,
282
923,Q11316739,朝永三十郎,1871-01-01T00:00:00Z,1951-09-18T00:00:00Z,男性,長崎県,
1161,Q11675128,鳥谷部春汀,1865-03-29T00:00:00Z,1908-12-21T00:00:00Z,男性,青森県,
47
692,Q11364466,中島孤島,1878-10-27T00:00:00Z,1946-04-09T00:00:00Z,男性,,
1851
1362,Q358556,豊田喜一郎,1894-06-11T00:00:00Z,1952-03-27T00:00:00Z,男性,鷲津町,
1900
2045
1799,Q279987,中勘助,1885-05-22T00:00:00Z,1965-05-03T00:00:00Z,男性,東京,
1061,Q11364234,中山省三郎,1904-01-28T00:00:00Z,1947-05-30T00:00:00Z,男性,茨城県,
1410,Q29410732,奈倉次郎,1871-01-01T00:00:00Z,1947-11-20T00:00:00Z,男性,,
869
690,Q11366381,中沢臨川,1878-10-28T00:00:00Z,1920-08-09T00:00:00Z,男性,伊那市,
1655
1910
1636
697,Q11365042,中戸川吉二,1896-05-20T00:00:00Z,1942-11-19T00:00:00Z,男性,北海道,
1637,Q17226739,中野鈴子,1906-01-24T00:00:00Z,1958-01-05T00:00:00Z,女性,坂井市,
1905,Q3135280,中野秀人,1953-01-01T00:00:00Z,,男性,,
1008
1667
1996,Q11365863,中村研一,1895-05-14T00:00:00Z,1967-08-28T00:00:00Z,男性,宗像市,
702,Q371479,中村憲吉,1889-01-25T00:00:00Z,1934-05-05T00:00:00Z,男性,三次市,
1954,Q126006801,中村清太郎,1888-04-30T00:00:00Z,1967-12-20T00:00:00Z,男性,浅草区,
1822,Q10875683,中村地平,1908-02-07T00:00:00Z,1963-02-26T00:00:00Z,男性,,
1171
181
1436
1587
1943
1323,Q906354,西周,1829-03-07T00:00:00Z,1897-01-30T00:00:00Z,男性,津和野町,
1163,Q561569,仁科芳雄,1890-12-06T00:00:00Z,1951-01-10T00:00:00Z,男性,里庄町,
1617
1776,Q11625741,蜷川新,1873-01-14T00:00:00Z,1959-08-17T00:00:00Z,男性,,
1359,Q46484177,沼田一雅,1873-05-05T00:00:00Z,1954-06-05T00:00:00Z,男性,,
1618
1706
1927,Q11644961,野上彰,1909-02-15T00:00:00Z,1967-11-04T00:00:00Z,男性,,
939,Q1899252,野口米次郎,1875-12-08T00:00:00Z,1947-07-13T00:00:00Z,男性,津島市,,The Voice of the Valley,1897-01-01T00:00:00Z,22
1188
1912,Q11646203,野間清六,1902-01-01T00:00:00Z,1966-01-01T00:00:00Z,男性,,
1802
1670,Q6425512,野村胡堂,1882-10-15T00:00:00Z,1963-04-14T00:00:00Z,男性,岩手県,,風流活人剱,1947-01-01T00:00:00Z,65
128
1619
287
1299
725,Q11620340,萩原恭次郎,1899-05-23T00:00:00Z,1938-11-22T00:00:00Z,男性,,
88,Q11654008,長谷川集平,1955-04-19T00:00:00Z,,男性,姫路市,
1878
900,Q11543821,橋本五郎,1903-05-01T00:00:00Z,1948-05-29T00:00:00Z,男性,,
1752,Q535072,橋本多佳子,1899-01-15T00:00:00Z,1963-05-29T00:00:00Z,女性,東京,
1412,Q23938239,林田清明,1951-01-01T00:00:00Z,,男性,,
1726,Q11653726,長谷川伸,1884-03-15T00:00:00Z,1963-06-11T00:00:00Z,男性,横浜市,
1338,Q19560685,羽仁もと子,1873-09-08T00:00:00Z,1957-04-07T00:00:00Z,女性,三戸郡,キリスト教
1989
1972,Q11533321,林譲治,1889-03-24T00:00:00Z,1960-04-05T00:00:00Z,男性,高知市,
1901,Q11578742,番匠谷英一,1895-08-14T00:00:00Z,1966-06-17T00:00:00Z,男性,大阪府,
208,Q11482041,平井肇,1896-05-17T00:00:00Z,1946-07-07T00:00:00Z,男性,,
292,Q76970743,原田皐月,1887-05-01T00:00:00Z,1933-11-07T00:00:00Z,女性,,
1620
1714,Q11483752,平野零児,1897-02-06T00:00:00Z,1961-08-26T00:00:00Z,男性,兵庫県,
1280
1979,Q17224456,菱山修三,1909-08-28T00:00:00Z,1967-08-07T00:00:00Z,男性,東京都,
1809,Q271463,人見絹枝,1907-01-01T00:00:00Z,1931-08-02T00:00:00Z,女性,岡山市,
1167,Q116937951,日野強,1866-01-01T00:00:00Z,1920-01-01T00:00:00Z,男性,伊予国,
1986,Q11596017,秘田余四郎,1908-10-15T00:00:00Z,1967-09-18T00:00:00Z,男性,,
1158
1360
80,Q767226,平出修,1878-04-03T00:00:00Z,1914-03-17T00:00:00Z,男性,新潟県,
343,Q1620148,平田禿木,1873-02-10T00:00:00Z,1943-03-13T00:00:00Z,男性,東京,
1378,Q11483746,平野長蔵,1870-09-05T00:00:00Z,1930-08-20T00:00:00Z,男性,,
294,Q11483604,平野万里,1885-05-25T00:00:00Z,1947-02-10T00:00:00Z,男性,埼玉県,
1233
1886,Q71678879,藤井英男,1913-03-20T00:00:00Z,2002-10-01T00:00:00Z,男性,,
1137
1638,Q15043473,平林彪吾,1903-09-01T00:00:00Z,1939-04-28T00:00:00Z,男性,,
1292,Q130563236,平山千代子,1925-01-01T00:00:00Z,1944-01-01T00:00:00Z,,,
1132,Q11482553,平山蘆江,1882-11-15T00:00:00Z,1953-04-18T00:00:00Z,男性,神戸市,
359
1639
295,Q1620306,広津柳浪,1861-07-15T00:00:00Z,1928-10-15T00:00:00Z,男性,長崎市,
881
1913,Q11560199,深瀬基寛,1895-10-12T00:00:00Z,1966-08-21T00:00:00Z,男性,,
298,Q347220,藤島武二,1867-10-15T00:00:00Z,1943-03-19T00:00:00Z,男性,池之上町,
1500
1710
1951
1651
115
882
1111
1709
765,Q17361439,逸見猶吉,1907-09-09T00:00:00Z,1946-05-17T00:00:00Z,男性,古河市,
1051
971
972
1377
371,Q11605793,細井和喜蔵,1897-05-09T00:00:00Z,1925-08-18T00:00:00Z,男性,,
927,Q11286907,穂積重遠,1883-04-11T00:00:00Z,1951-07-29T00:00:00Z,男性,東京府,
1058
302
303,Q11520326,本庄陸男,1905-02-20T00:00:00Z,1939-07-23T00:00:00Z,男性,北海道,
1361
1555,Q11520098,本多静六,1866-08-11T00:00:00Z,1952-01-29T00:00:00Z,男性,埼玉郡,
1719,Q11397594,前田普羅,1884-04-18T00:00:00Z,1954-08-08T00:00:00Z,男性,東京都,
928,Q1883595,前田夕暮,1883-07-27T00:00:00Z,1951-04-20T00:00:00Z,男性,神奈川県,
1297,Q11397633,前田河広一郎,1888-11-13T00:00:00Z,1957-12-04T00:00:00Z,男性,仙台市,
1585
1175
1117
1676,Q11545493,正木不如丘,1887-02-26T00:00:00Z,1962-07-30T00:00:00Z,男性,,
1472,Q456236,松井須磨子,1886-11-01T00:00:00Z,1919-01-05T00:00:00Z,女性,清野村,
1408,Q11531839,松浦武四郎,1818-03-12T00:00:00Z,1888-02-10T00:00:00Z,男性,小野江村,
1447,Q11530204,松崎天民,1878-05-18T00:00:00Z,1934-07-22T00:00:00Z,男性,落合町,
104,Q5381514,松永延造,1895-01-01T00:00:00Z,1938-01-01T00:00:00Z,男性,横浜市,
307,Q11531929,松濤明,1922-03-05T00:00:00Z,1949-01-06T00:00:00Z,男性,仙台市,,風雪のビバーク,1960-07-01T00:00:00Z,38
1556
1434
1622,Q25982812,松本淳三,1895-01-01T00:00:00Z,1950-10-09T00:00:00Z,男性,,
308,Q11531166,松本泰,1887-02-22T00:00:00Z,1939-04-19T00:00:00Z,男性,東京都,
309,Q11583100,真山青果,1878-09-01T00:00:00Z,1948-03-25T00:00:00Z,男性,仙台市,
1708
1138
1758
788,Q866095,三浦環,1884-02-22T00:00:00Z,1946-05-26T00:00:00Z,女性,京橋,
792,Q11355687,三木竹二,1867-10-02T00:00:00Z,1908-01-10T00:00:00Z,男性,,
793,Q11356144,三沢勝衛,1885-01-25T00:00:00Z,1937-08-18T00:00:00Z,男性,,
22,Q7563834,三島霜川,1876-01-01T00:00:00Z,1934-01-01T00:00:00Z,男性,,
1074,Q15304293,水谷まさる,1894-01-01T00:00:00Z,1950-01-01T00:00:00Z,男性,東京都,
941,Q11549466,水野葉舟,1883-04-09T00:00:00Z,1947-02-02T00:00:00Z,男性,東京都,
1133,Q11356752,三田村鳶魚,1870-04-17T00:00:00Z,1952-05-14T00:00:00Z,男性,八王子市,
1698,Q6391549,光田健輔,1876-01-12T00:00:00Z,1964-05-14T00:00:00Z,男性,山口県,
973
1400
800
1394
1288,Q1940929,宮城道雄,1894-04-07T00:00:00Z,1956-06-25T00:00:00Z,男性,神戸外国人居留地,
147,Q11356336,三浦久,1945-01-01T00:00:00Z,,男性,,
1871,Q11355010,三宅周太郎,1892-07-01T00:00:00Z,1967-02-14T00:00:00Z,男性,兵庫県,
804,Q11354982,三宅やす子,1890-03-15T00:00:00Z,1932-01-18T00:00:00Z,女性,京都市,
805,Q17215285,宮崎湖処子,1864-10-20T00:00:00Z,1922-08-09T00:00:00Z,男性,福岡県,
1494
801,Q11355036,三宅幾三郎,1897-10-15T00:00:00Z,1941-05-01T00:00:00Z,男性,兵庫県,
929
1446,Q11453519,宮地嘉六,1884-06-11T00:00:00Z,1958-04-10T00:00:00Z,男性,佐賀市,
809,Q11453398,宮原晃一郎,1882-09-02T00:00:00Z,1945-06-10T00:00:00Z,男性,鹿児島市,
1717
312
346
815,Q6937254,村上浪六,1865-12-18T00:00:00Z,1944-02-01T00:00:00Z,男性,堺市,
1559,Q17217663,村越三千男,1880-01-01T00:00:00Z,1948-04-01T00:00:00Z,男性,埼玉県,
1225
1764
1035
1376,Q45830631,百瀬慎太郎,1892-01-01T00:00:00Z,1949-01-01T00:00:00Z,男性,,
1623,Q11580822,百田宗治,1893-01-25T00:00:00Z,1955-12-12T00:00:00Z,男性,大阪府,
1977,Q10359119,森於菟,1890-09-13T00:00:00Z,1967-12-21T00:00:00Z,男性,東京府,
1640
1652
1826,Q11539231,森下雨村,1890-02-23T00:00:00Z,1965-05-16T00:00:00Z,男性,,
826,Q6912360,森田草平,1881-03-19T00:00:00Z,1949-12-14T00:00:00Z,男性,岐阜市,
1864,Q3622151,森田正馬,1874-01-18T00:00:00Z,1938-04-12T00:00:00Z,男性,高知市,
883
1891,Q11584098,矢崎源九郎,1921-03-26T00:00:00Z,1967-01-01T00:00:00Z,男性,,
1083
317,Q11584213,矢田津世子,1907-06-19T00:00:00Z,1944-03-14T00:00:00Z,女性,秋田県,
1656,Q11584220,矢田部達郎,1893-10-24T00:00:00Z,1958-03-24T00:00:00Z,男性,東京都,
1538,Q7674337,矢内原忠雄,1893-01-01T00:00:00Z,1961-12-25T00:00:00Z,男性,今治市,
831,Q11534286,柳川春葉,1877-03-05T00:00:00Z,1918-01-09T00:00:00Z,男性,下谷区,
1934,Q11534152,柳原白蓮,1885-10-15T00:00:00Z,1967-02-22T00:00:00Z,女性,桜田町,
1641
1080
1969,Q11584311,矢部貞治,1902-11-09T00:00:00Z,1967-05-07T00:00:00Z,男性,,
1949,Q18818530,山浦貫一,1893-03-20T00:00:00Z,1967-09-26T00:00:00Z,男性,上田市,
1801,Q11468286,山川方夫,1930-02-25T00:00:00Z,1965-02-20T00:00:00Z,男性,東京市,,愛のごとく,1964-04-01T00:00:00Z,34
1662
1777,Q11045251,山崎富栄,1919-09-24T00:00:00Z,1948-06-13T00:00:00Z,女性,東京都,
837,Q11470965,山路愛山,1865-01-23T00:00:00Z,1917-03-15T00:00:00Z,男性,浅草,メソジスト
1391,Q90865521,山下博章,1898-01-01T00:00:00Z,1943-12-05T00:00:00Z,男性,,
1208,Q106674400,山下利三郎,1892-01-01T00:00:00Z,1952-03-29T00:00:00Z,男性,四国,
1334,Q11470508,山田済斎,1867-12-18T00:00:00Z,1952-11-21T00:00:00Z,男性,,儒教
1889,Q11466147,山中峯太郎,1885-12-15T00:00:00Z,1966-04-28T00:00:00Z,男性,大阪府,
1693,Q11466243,山之口貘,1903-09-11T00:00:00Z,1963-07-19T00:00:00Z,男性,那覇市,
1845
870
319
370,Q11543321,横瀬夜雨,1878-01-01T00:00:00Z,1934-02-14T00:00:00Z,男性,,
1994,Q116936317,森郁夫,1947-08-19T00:00:00Z,,,高知県,
321,Q101096592,与謝野礼厳,1823-10-16T00:00:00Z,1898-08-17T00:00:00Z,男性,,浄土真宗
1328,Q6278773,吉井幸蔵,1856-01-02T00:00:00Z,1927-10-07T00:00:00Z,男性,,
322
1258,Q11413994,吉田甲子太郎,1894-03-23T00:00:00Z,1957-01-08T00:00:00Z,男性,,,星野君の二塁打,1947-01-01T00:00:00Z,53
1177,Q3100750,吉田絃二郎,1886-11-24T00:00:00Z,1956-04-21T00:00:00Z,男性,,
1924,Q2389733,吉田茂,1885-09-02T00:00:00Z,1954-09-02T00:00:00Z,男性,臼杵市,
1741,Q559747,吉田松陰,1830-09-20T00:00:00Z,1859-11-21T00:00:00Z,男性,萩市,
323,Q1186931,吉野作造,1878-01-29T00:00:00Z,1933-03-18T00:00:00Z,男性,古川市,
1974,Q1298277,吉野秀雄,1902-07-03T00:00:00Z,1967-07-13T00:00:00Z,男性,高崎市,
1659
43,Q3049514,吉行エイスケ,1906-05-10T00:00:00Z,1940-07-08T00:00:00Z,男性,岡山市,
1983,Q11559737,淀野隆三,1904-04-16T00:00:00Z,1967-07-07T00:00:00Z,男性,京都府,
1196
1164
1089
1937,Q11599794,笠信太郎,1900-12-11T00:00:00Z,1967-12-04T00:00:00Z,男性,,
30,Q5769980,山形浩生,1964-03-13T00:00:00Z,,男性,東京都,
960,Q11468266,山川丙三郎,1876-03-03T00:00:00Z,1947-08-17T00:00:00Z,男性,,
326
358
356
332
331,Q102343182,若杉鳥子,1892-12-25T00:00:00Z,1937-12-18T00:00:00Z,女性,東京市,
1501,Q116765002,若林玵蔵,1857-09-19T00:00:00Z,1938-05-03T00:00:00Z,男性,埼玉郡,
100,Q18458056,山本ゆうじ,1960-03-08T00:00:00Z,,男性,東京都,
98,Q9426493,結城浩,1963-07-01T00:00:00Z,,男性,,,数学ガール,2007-06-27T00:00:00Z,44
1203
1185
1657
330,Q98425319,青木栄瞳,,,女性,,
1790
130
139
1964,Q11442574,天川恵三郎,1864-01-01T00:00:00Z,1934-04-05T00:00:00Z,男性,北海道,
1842
1813
200,Q11475135,岩本良子,,,女性,,
1663
32,Q11540631,植松真人,1962-01-01T00:00:00Z,,男性,,
180
1783
1916,Q5304181,円城塔,1972-09-15T00:00:00Z,,男性,札幌市,,屍者の帝国,2012-08-01T00:00:00Z,40
2035
1955,Q38279380,太田健一,1936-02-15T00:00:00Z,2016-01-23T00:00:00Z,男性,,
97
1940,Q102247182,小倉右一郎,1881-06-09T00:00:00Z,1962-07-15T00:00:00Z,男性,,
206
1574
1727
1841
1506,Q11569772,片岡義男,1940-01-01T00:00:00Z,,男性,東京都,
223
1345,Q11478115,川合貞一,1870-04-29T00:00:00Z,1955-06-19T00:00:00Z,男性,美濃市,
99
373
1602
1561
1882
1464
1686
215
1950
122,Q11112837,桑原一世,1946-02-01T00:00:00Z,2006-02-28T00:00:00Z,女性,,
108,Q10959494,小泉英政,1948-01-01T00:00:00Z,,男性,,
1756
16,Q2712289,小中千昭,1961-04-04T00:00:00Z,,男性,東京都,,ですぺら,2009-01-01T00:00:00Z,48
1241
151
54
1918,Q23946763,澤西祐典,1986-07-12T00:00:00Z,,男性,兵庫県,,フラミンゴの村,2012-01-01T00:00:00Z,26
1265
1548
1919
1591
1877
1492
594,Q11614599,芝不器男,1903-04-18T00:00:00Z,1930-02-24T00:00:00Z,男性,,
1367,Q11477329,嶋中雄作,1887-02-02T00:00:00Z,1949-01-17T00:00:00Z,男性,,
84,Q11560857,清水哲男,1938-01-01T00:00:00Z,2022-03-07T00:00:00Z,男性,東京都,
90
210
21,Q11580097,白田秀彰,1968-04-03T00:00:00Z,,男性,延岡市,
1493
92,Q11648841,鈴木志郎康,1935-05-19T00:00:00Z,2022-09-08T00:00:00Z,男性,亀戸,
1930
335
1600
2010
142
1209
2016
69
1690
59,Q506386,高橋悠治,1938-09-21T00:00:00Z,,男性,東京都,
71
1765
1952
1236
66
117,Q11556452,津野海太郎,1938-04-06T00:00:00Z,,男性,福岡県,
113
1150
41
1800,Q11604195,米川正夫,1891-11-25T00:00:00Z,1965-12-29T00:00:00Z,男性,,
55,Q11457161,富田倫生,1952-04-20T00:00:00Z,2013-08-16T00:00:00Z,男性,広島市,
1660,Q11364493,中島徳蔵,1864-03-09T00:00:00Z,1940-05-31T00:00:00Z,男性,,
62
1237
1784
1739
1963,Q1837671,信時潔,1887-12-29T00:00:00Z,1965-08-01T00:00:00Z,男性,大阪市,
2036
723
144,Q43424701,畑仲哲雄,1961-01-01T00:00:00Z,,男性,大阪市,
1721
1725
143
28
1850
193
138
2033
2008
56,Q11483302,平田剛士,1964-01-01T00:00:00Z,,男性,広島市,
887
1036
1917,Q11593902,福永信,1972-06-22T00:00:00Z,,男性,東京都,
110,Q3461084,藤井貞和,1942-04-01T00:00:00Z,,男性,東京,
7
1885,Q11625006,藤野古白,1871-09-22T00:00:00Z,1895-04-12T00:00:00Z,男性,,
2003,Q1473223,藤村操,1886-07-20T00:00:00Z,1903-05-22T00:00:00Z,男性,北海道,
127,Q5507445,藤本和子,1939-01-01T00:00:00Z,,女性,東京都,
109
915
1687
2052
1728
1847
1735
1238
1505
2043
1661,Q11429324,増田惟茂,1883-12-29T00:00:00Z,1933-08-06T00:00:00Z,男性,愛媛県,
167
2009
103
2051,Q2811944,松本竣介,1912-04-19T00:00:00Z,1948-06-08T00:00:00Z,男性,東京都,
1720,Q1909106,松本たかし,1906-01-05T00:00:00Z,1956-05-11T00:00:00Z,男性,東京,
1844
1976,Q1933652,三木露風,1889-06-23T00:00:00Z,1964-12-29T00:00:00Z,男性,龍野町,カトリック教会,"Mother Bird, Baby Bird",1940-01-01T00:00:00Z,51
1997,Q11355202,三岸好太郎,1903-04-18T00:00:00Z,1934-07-01T00:00:00Z,男性,北海道,
1279
1740,Q11454668,宮川典子,1979-04-05T00:00:00Z,2019-09-12T00:00:00Z,女性,山梨市,
1960
1992,Q11539677,森律子,1890-10-30T00:00:00Z,1961-07-22T00:00:00Z,女性,東京都,
79
1848
198
191
2013,Q17210052,吉岡禅寺洞,1889-07-02T00:00:00Z,1961-03-17T00:00:00Z,男性,福岡県,
1699
336
1239
1688
339
29
1859
