人物ID,姓名,姓,名,生年月日,没年月日
148,夏目漱石,夏目,漱石,1867-02-09,1916-12-09
81,宮沢賢治,宮沢,賢治,1896-08-27,1933-09-21
35,太宰治,太宰,治,1909-06-19,1948-06-13
119,中島敦,中島,敦,1909-05-05,1942-12-04
96,夢野久作,夢野,久作,1889-01-04,1936-03-11
879,芥川竜之介,芥川,竜之介,1892-03-01,1927-07-24
196,鴨長明,鴨,長明,1153,1216
74,梶井基次郎,梶井,基次郎,1901-02-17,1932-03-24
296,福沢諭吉,福沢,諭吉,1835-01-10,1901-02-03
156,小林多喜二,小林,多喜二,1903-10-13,1933-02-20
31,葉山嘉樹,葉山,嘉樹,1894-03-12,1945-10-18
129,森鴎外,森,鴎外,1862-02-17,1922-07-09
121,新美南吉,新美,南吉,1913-07-30,1943-03-22
1162,秋田滋,秋田,滋,1908-07-05,1943-10-15
1168,高村光太郎,高村,光太郎,1883-03-13,1956-04-02
153,石川啄木,石川,啄木,1886-02-20,1912-04-13
155,紀貫之,紀,貫之,870,1902-08-02
1095,坂口安吾,坂口,安吾,1906-10-20,1955-02-17
231,伊丹万作,伊丹,万作,1900-01-02,1946-09-21
67,萩原朔太郎,萩原,朔太郎,1886-11-01,1942-05-11
1030,堀辰雄,堀,辰雄,1904-12-28,1953-05-28
26,中原中也,中原,中也,1907-04-29,1937-10-22
914,ディケンズチャールズ,ディケンズ,チャールズ,1812-02-07,1870-06-09
1128,文部省,文部省,,,
1566,柳田国男,柳田,国男,1875-07-31,1962-08-08
1235,カフカフランツ,カフカ,フランツ,1883-07-03,1924-06-03
183,牧野信一,牧野,信一,1896-11-12,1936-03-24
64,樋口一葉,樋口,一葉,1872-05-02,1896-11-23
1092,グリムヴィルヘルム・カール,グリム,ヴィルヘルム・カール,1786-02-24,1859-12-16
1091,グリムヤーコプ・ルートヴィッヒ・カール,グリム,ヤーコプ・ルートヴィッヒ・カール,1785-01-04,1863-09-20
1124,魯迅,魯迅,,1881-09-25,1936-10-19
125,小栗虫太郎,小栗,虫太郎,1901-03-14,1946-02-10
19,アンデルセンハンス・クリスチャン,アンデルセン,ハンス・クリスチャン,1805-04-02,1875-08-04
94,ポーエドガー・アラン,ポー,エドガー・アラン,1809-01-19,1849-10-07
912,スウィフトジョナサン,スウィフト,ジョナサン,1667-11-30,1745-10-19
158,島崎藤村,島崎,藤村,1872-03-25,1943-08-22
214,田山花袋,田山,花袋,1872-01-22,1930-05-13
9,ドイルアーサー・コナン,ドイル,アーサー・コナン,1859-05-22,1930-07-07
1779,江戸川乱歩,江戸川,乱歩,1894-10-21,1965-07-28
888,スティーブンソンロバート・ルイス,スティーブンソン,ロバート・ルイス,1850-11-13,1894-12-03
58,伊藤左千夫,伊藤,左千夫,1864-09-18,1913-07-30
329,楠山正雄,楠山,正雄,1884-11-04,1950-11-26
91,尾崎紅葉,尾崎,紅葉,1868-01-10,1903-10-30
363,ドストエフスキーフィヨードル・ミハイロヴィチ,ドストエフスキー,フィヨードル・ミハイロヴィチ,1821-11-11,1881-02-09
25,有島武郎,有島,武郎,1878-03-04,1923-06-09
908,坂本竜馬,坂本,竜馬,1836-01-03,1867-12-10
1518,太安万侶,太,安万侶,,0723-08-15
1519,稗田阿礼,稗田,阿礼,,
42,寺田寅彦,寺田,寅彦,1878-11-28,1935-12-31
52,紫式部,紫式部,,,
50,泉鏡花,泉,鏡花,1873-11-04,1939-09-07
65,九鬼周造,九鬼,周造,1888-02-15,1941-05-06
107,鈴木三重吉,鈴木,三重吉,1882-09-29,1936-06-27
195,尾崎放哉,尾崎,放哉,1885-01-20,1926-04-07
38,国木田独歩,国木田,独歩,1871-08-30,1908-06-23
218,三木清,三木,清,1897-01-05,1945-09-26
6,二葉亭四迷,二葉亭,四迷,1864-04-04,1909-05-10
83,菊池寛,菊池,寛,1888-12-26,1948-03-06
230,石原莞爾,石原,莞爾,1889-01-18,1949-08-15
361,トルストイレオ,トルストイ,レオ,1828,1910
1383,谷崎潤一郎,谷崎,潤一郎,1886-07-24,1965-07-30
20,渡辺温,渡辺,温,1902-08-26,1930-02-10
1090,オルコットルイーザ・メイ,オルコット,ルイーザ・メイ,1832-11-29,1888-03-06
1475,小川未明,小川,未明,1882-04-07,1961-05-11
258,小泉八雲,小泉,八雲,1850-06-27,1904-09-26
1347,岡倉覚三,岡倉,覚三,1863-02-14,1913-09-02
238,岡倉天心,岡倉,天心,1863-02-14,1913-09-02
179,黒岩涙香,黒岩,涙香,1862-11-20,1920-10-06
961,ダンテアリギエリ,ダンテ,アリギエリ,1265,1321
1234,愛知敬一,愛知,敬一,1880-07-25,1923-06-23
1097,下村湖人,下村,湖人,1884-10-03,1955-04-20
51,幸田露伴,幸田,露伴,1867-08-20,1947-07-30
924,永井隆,永井,隆,1908-02-03,1951-05-01
235,上田敏,上田,敏,1874-10-30,1916-07-09
1176,シェリーメアリー・ウォルストンクラフト,シェリー,メアリー・ウォルストンクラフト,1797-08-30,1851-02-01
168,横光利一,横光,利一,1898-03-17,1947-12-30
160,海野十三,海野,十三,1897-12-26,1949-05-17
280,徳冨蘆花,徳冨,蘆花,1868-12-08,1927-09-18
1121,ルブランモーリス,ルブラン,モーリス,1864-11-11,1941-11-06
1094,ユゴーヴィクトル,ユゴー,ヴィクトル,1802-02-26,1885-05-22
269,高神覚昇,高神,覚昇,1894,1948
13,八木重吉,八木,重吉,1898-02-09,1927-10-26
264,シェークスピアウィリアム,シェークスピア,ウィリアム,1546,1616
1529,作者不詳,作者不詳,,,
575,佐藤紅緑,佐藤,紅緑,1874-07-06,1949-06-03
933,折口信夫,折口,信夫,1887-02-11,1953-09-03
140,テニソンアルフレッド,テニソン,アルフレッド,1809-08-06,1892-10-06
1048,アミーチスエドモンド・デ,アミーチス,エドモンド・デ,1846-10-31,1908-03-11
40,織田作之助,織田,作之助,1913-10-26,1947-01-10
76,岡本かの子,岡本,かの子,1889-03-01,1939-02-18
245,加藤文太郎,加藤,文太郎,1905-03-11,1936-01-05
1120,須川邦彦,須川,邦彦,1880,1949
1562,吉川英治,吉川,英治,1892-08-11,1962-09-07
288,ハイヤームオマル,ハイヤーム,オマル,1048,1131
1045,バーネットフランシス・ホジソン・エリザ,バーネット,フランシス・ホジソン・エリザ,1849-11-24,1924-10-29
182,西田幾多郎,西田,幾多郎,1870-06-17,1945-06-07
291,林芙美子,林,芙美子,1903-12-31,1951-06-28
305,正岡子規,正岡,子規,1867-10-14,1902-09-19
106,北原白秋,北原,白秋,1885-01-25,1942-11-02
5,ツルゲーネフイワン,ツルゲーネフ,イワン,1818-11-09,1883-09-03
885,与謝野晶子,与謝野,晶子,1878-12-07,1942-05-29
283,中里介山,中里,介山,1885-04-04,1944-04-28
1296,ランボージャン・ニコラ・アルチュール,ランボー,ジャン・ニコラ・アルチュール,1854-10-20,1891-11-10
1266,牧野富太郎,牧野,富太郎,1862-05-22,1957-01-18
1134,ペローシャルル,ペロー,シャルル,1628-01-12,1703-05-16
1059,斎藤茂吉,斎藤,茂吉,1882-5-14,1953-2-25
250,河上肇,河上,肇,1879-10-20,1946-01-30
1053,峠三吉,峠,三吉,1917-02-19,1953-03-10
1404,河口慧海,河口,慧海,1866-02-26,1945-02-24
118,長塚節,長塚,節,1879-04-03,1915-02-08
1072,和田万吉,和田,万吉,1865-10-07,1934-11-21
1395,和辻哲郎,和辻,哲郎,1889-03-01,1960-12-26
1044,ド・ラ・ラメーマリー・ルイーズ,ド・ラ・ラメー,マリー・ルイーズ,1839-01-01,1908-01-25
126,田中英光,田中,英光,1913-01-10,1949-11-03
14,村山槐多,村山,槐多,1896-09-15,1919-02-20
256,倉田百三,倉田,百三,1891-02-23,1943-02-12
1341,永井荷風,永井,荷風,1879-12-03,1959-04-30
293,原民喜,原,民喜,1905-11-15,1951-03-13
372,桑原隲蔵,桑原,隲蔵,1871-01-27,1931-05-24
34,内村鑑三,内村,鑑三,1861-03-26,1930-03-28
1028,イプセンヘンリック,イプセン,ヘンリック,1828-03-20,1906-05-23
311,宮本百合子,宮本,百合子,1899-02-13,1951-01-21
82,岡本綺堂,岡本,綺堂,1872-11-15,1939-03-01
1245,会津八一,会津,八一,1881-08-01,1956-11-21
1029,デカルトルネ,デカルト,ルネ,1596,1650
1025,ゲーテヨハン・ヴォルフガング・フォン,ゲーテ,ヨハン・ヴォルフガング・フォン,1749-08-28,1832-03-22
1403,北大路魯山人,北大路,魯山人,1883-03-23,1959-12-21
93,南方熊楠,南方,熊楠,1867-05-18,1941-12-29
1034,浅野和三郎,浅野,和三郎,1874-08,1937-02-03
1465,東健而,東,健而,1889,1933
146,種田山頭火,種田,山頭火,1882-12-03,1940-10-11
1839,荒木光二郎,荒木,光二郎,,
1264,榎本武揚,榎本,武揚,1836-10-05,1908-10-26
354,勝海舟,勝,海舟,1823-03-12,1899-01-19
535,桐生悠々,桐生,悠々,1873-05-20,1941-09-10
1257,アーヴィングワシントン,アーヴィング,ワシントン,1783-04-03,1859-11-28
718,新渡戸稲造,新渡戸,稲造,1862-09-01,1933-10-16
903,モーパッサンギ・ド,モーパッサン,ギ・ド,1850-08-05,1893-07-06
226,アレニウススヴァンテ,アレニウス,スヴァンテ,1859-02-19,1927-10-02
969,杉山萠円,杉山,萠円,1889-01-04,1936-03-11
124,小熊秀雄,小熊,秀雄,1901-09-09,1940-11-20
1155,チェーホフアントン,チェーホフ,アントン,1860-01-17,1904-07-02
1843,アレンリリー・Ｌ,アレン,リリー・Ｌ,1867-12-30,1952-02-14
216,直木三十五,直木,三十五,1891-02-12,1934-02-24
154,田中貢太郎,田中,貢太郎,1880-03-02,1941-02-01
279,徳冨健次郎,徳冨,健次郎,1868-12-08,1927-09-18
997,北条民雄,北条,民雄,1914-09-22,1937-12-05
1216,井原西鶴,井原,西鶴,1642,1693-09-09
286,野口雨情,野口,雨情,1882-05-29,1945-01-27
1579,室生犀星,室生,犀星,1889-08-01,1962-03-26
1093,ロランロマン,ロラン,ロマン,1866-01-29,1944-12-30
1189,ジェファーソントマス,ジェファーソン,トマス,1743-04-13,1826-07-04
1430,ウェルズハーバート・ジョージ,ウェルズ,ハーバート・ジョージ,1866-09-21,1946-08-13
1320,西郷隆盛,西郷,隆盛,1828-01-23,1877-09-24
57,福田英子,福田,英子,1865-11-22,1927-05-02
1085,イエイツウィリアム・バトラー,イエイツ,ウィリアム・バトラー,1865-06-13,1939-01-28
1380,石川欣一,石川,欣一,1895-03-17,1959-08-04
207,ゴーゴリニコライ,ゴーゴリ,ニコライ,1809-03-12,1852-02-21
1528,日本国,日本国,,,
1224,久生十蘭,久生,十蘭,1902-04-06,1957-10-06
906,豊島与志雄,豊島,与志雄,1890-11-27,1955-06-18
968,かぐつちみどり,かぐつち,みどり,1889-01-04,1936-03-11
1351,池田蕉園,池田,蕉園,1886-05-13,1917-12-01
351,増田雅子,増田,雅子,1880-05-06,1946-09-02
318,山川登美子,山川,登美子,1879-07-19,1909-04-15
1099,ホーマー,ホーマー,,,
1160,池田菊苗,池田,菊苗,1864,1936-05-03
1159,佐野昌一,佐野,昌一,1897-12-26,1949-05-17
1421,阿部次郎,阿部,次郎,1883-08-27,1959-10-20
11,立原道造,立原,道造,1914-07-30,1939-03-29
1869,山本周五郎,山本,周五郎,1903-06-22,1967-02-14
827,森本薫,森本,薫,1912-06-04,1946-10-06
966,海若藍平,海若,藍平,1889-01-04,1936-03-11
1119,岩波茂雄,岩波,茂雄,1881-08-27,1946-04-25
1569,中谷宇吉郎,中谷,宇吉郎,1900-07-04,1962-04-11
1049,ファーブルジャン・アンリ,ファーブル,ジャン・アンリ,1823-12-23,1915-10-11
281,戸坂潤,戸坂,潤,1900-09-27,1945-08-09
1734,石波杏,石波,杏,1982,
157,北村透谷,北村,透谷,1868-12-29,1894-05-16
989,三遊亭円朝,三遊亭,円朝,1839-05-13,1900-08-11
1477,陳寿,陳,寿,233,297
1429,石原純,石原,純,1881-1-15,1947-1-19
726,長谷川時雨,長谷川,時雨,1879-10-01,1941-08-22
1011,波多野精一,波多野,精一,1877-07-21,1950-01-17
886,泉鏡太郎,泉,鏡太郎,1873-11-04,1939-09-07
981,巌谷小波,巌谷,小波,1870-07-04,1933-09-05
136,山村暮鳥,山村,暮鳥,1884-01-10,1924-12-08
261,幸徳秋水,幸徳,秋水,1871-11-05,1911-01-24
284,内藤湖南,内藤,湖南,1866-08-26,1934-06-26
1875,壺井栄,壺井,栄,1899-08-05,1967-06-23
649,田中正造,田中,正造,1841-12-15,1913-09-04
355,上村松園,上村,松園,1875-04-23,1949-08-27
1277,ガンジーマハトマ,ガンジー,マハトマ,1869-10-02,1948-01-30
1311,三好十郎,三好,十郎,1902-04-21,1958-12-16
259,小出楢重,小出,楢重,1887-10-13,1931-02-13
190,大手拓次,大手,拓次,1887-12-03,1934-04-18
506,河合栄治郎,河合,栄治郎,1891-02-13,1944-02-15
1749,三好達治,三好,達治,1900-08-23,1964-04-05
1047,マロエクトール・アンリ,マロ,エクトール・アンリ,1830-05-20,1907-07-17
1021,井上円了,井上,円了,1858-03-18,1919-06-06
595,島田清次郎,島田,清次郎,1899-02-26,1930-04-29
1052,久坂葉子,久坂,葉子,1931-03-27,1952-12-31
1541,高山毅,高山,毅,1911-08-01,1961-10-28
1558,古川緑波,古川,緑波,1903-08-13,1961-01-16
23,徳田秋声,徳田,秋声,1872-02-01,1943-11-18
1312,木村荘八,木村,荘八,1893-08-21,1958-11-18
77,押川春浪,押川,春浪,1876-03-21,1914-11-16
1416,田山録弥,田山,録弥,1872-01-22,1930-05-13
1398,高木貞治,高木,貞治,1875-04-21,1960-02-28
1088,プーシキンアレクサンドル・セルゲーヴィチ,プーシキン,アレクサンドル・セルゲーヴィチ,1799-05-26,1837-01-17
61,橋本進吉,橋本,進吉,1882-12-24,1945-01-30
1536,桂三木助,桂,三木助,1902-03-28,1961-01-16
169,大杉栄,大杉,栄,1885-01-17,1923-09-16
1570,小倉金之助,小倉,金之助,1885-03-14,1962-10-21
967,香倶土三鳥,香倶土,三鳥,1889-01-04,1936-03-11
984,葛西善蔵,葛西,善蔵,1887-01-16,1928-07-23
8,島木健作,島木,健作,1903-09-07,1945-08-17
89,北一輝,北,一輝,1883-04-03,1937-08-19
271,高山樗牛,高山,樗牛,1871-02-28,1902-12-24
1293,小野佐世男,小野,佐世男,1905-02-06,1954-02-01
227,生田春月,生田,春月,1892-03-12,1930-05-19
1520,柳宗悦,柳,宗悦,1889-03-21,1961-05-03
224,小泉節子,小泉,節子,1868-02-04,1932-02-18
301,穂積陳重,穂積,陳重,1855-08-23,1926-04-07
1156,ルナールジュール,ルナール,ジュール,1864-02-22,1910-05-22
922,末弘厳太郎,末弘,厳太郎,1888-11-30,1951-09-11
1364,ニューコムシモン,ニューコム,シモン,1835,1909
1242,坪井正五郎,坪井,正五郎,1863-02-22,1913-05-26
1065,高田力,高田,力,,1950
1081,土井晩翠,土井,晩翠,1871-12-05,1952-10-19
1584,秋田雨雀,秋田,雨雀,1883-01-30,1962-05-12
1217,ヴァレリーポール,ヴァレリー,ポール,1871-10-30,1945-07-20
564,斎藤秀三郎,斎藤,秀三郎,1866-02-16,1929-11-09
416,伊藤野枝,伊藤,野枝,1895-01-21,1923-09-16
1581,正宗白鳥,正宗,白鳥,1879-03-03,1962-10-28
1695,飯田蛇笏,飯田,蛇笏,1885-04-26,1962-10-03
1305,羽志主水,羽志,主水,1884-06-03,1957-02-26
63,宮武外骨,宮武,外骨,1867-02-22,1955-07-28
270,高村光雲,高村,光雲,1852-03-08,1934-10-10
748,平田晋策,平田,晋策,1904-03-06,1936-01-28
1310,高浜虚子,高浜,虚子,1874-02-22,1959-04-08
1331,秋月種樹,秋月,種樹,1833-11-28,1904-10-17
1332,佐藤一斎,佐藤,一斎,1772-11-14,1859-10-19
1166,中井正一,中井,正一,1900-02-14,1952-05-18
1568,妹尾アキ夫,妹尾,アキ夫,1892-03-04,1962-04-19
1313,正岡容,正岡,容,1904-12-20,1958-12-07
1344,喜田貞吉,喜田,貞吉,1871-07-11,1939-07-03
1648,土谷麓,土谷,麓,1914-03-30,1962-09-03
340,ガールシンフセヴォロド・ミハイロヴィチ,ガールシン,フセヴォロド・ミハイロヴィチ,1855-02-14,1888-04-05
368,添田唖蝉坊,添田,唖蝉坊,1872-12-25,1944-02-08
1733,フリーマンリチャード オースティン,フリーマン,リチャード オースティン,1862-04-11,1943-09-28
1420,中山太郎,中山,太郎,1876-11-13,1947-06-13
1668,西東三鬼,西東,三鬼,1900-05-15,1962-04-01
1125,井上紅梅,井上,紅梅,1881,1950
1263,服部之総,服部,之総,1901-09-24,1956-03-04
2034,井上基志,井上,基志,,
843,山田美妙,山田,美妙,1868-08-25,1910-10-24
255,国枝史郎,国枝,史郎,1887-10-10,1943-04-08
150,薄田泣菫,薄田,泣菫,1877-05-19,1945-10-09
1248,佐藤垢石,佐藤,垢石,1888-06-18,1956-07-04
1068,釈迢空,釈,迢空,1887-02-11,1953-09-03
1499,外村繁,外村,繁,1902-12-23,1961-07-28
905,ホーソーンナサニエル,ホーソーン,ナサニエル,1804-07-04,1864-05-19
1488,火野葦平,火野,葦平,1907-01-25,1960-01-24
310,三上於菟吉,三上,於菟吉,1891-02-04,1944-02-07
1349,武田祐吉,武田,祐吉,1886-05-05,1958-03-29
1468,賀川豊彦,賀川,豊彦,1888-07-10,1960-04-23
1143,西尾正,西尾,正,1907-12-12,1949-03-10
1487,浅沼稲次郎,浅沼,稲次郎,1898-12-27,1960-10-12
1789,日本経済新聞社,日本経済新聞社,,,
1212,中江兆民,中江,兆民,1847-12-08,1901-12-13
1417,中江篤介,中江,篤介,1847-12-08,1901-12-13
1535,津田左右吉,津田,左右吉,1873-10-03,1961-12-04
315,森林太郎,森,林太郎,1862-02-17,1922-07-09
1211,清沢満之,清沢,満之,1863-08-10,1903-06-06
1669,大倉燁子,大倉,燁子,1886-04-12,1960-07-18
1340,ブラウニングロバート,ブラウニング,ロバート,1812-05-07,1889-12-12
1153,長岡半太郎,長岡,半太郎,1865-08-19,1950-12-11
289,浜尾四郎,浜尾,四郎,1896-04-24,1935-10-29
1329,ウォルトンみちよ,ウォルトン,みちよ,,
248,上司小剣,上司,小剣,1874-12-15,1947-09-02
1205,下村千秋,下村,千秋,1893-09-04,1955-01-31
810,村井弦斎,村井,弦斎,1863-12-18,1927-07-30
1157,神西清,神西,清,1903-11-15,1957-03-11
1578,今村明恒,今村,明恒,1870-06-14,1948-01-01
1127,狩野直喜,狩野,直喜,1868-02-11,1947-12-13
1407,ストレイチーリットン,ストレイチー,リットン,1880-03-01,1932-01-21
276,知里幸恵,知里,幸恵,1903-06-08,1922-09-18
1539,片山敏彦,片山,敏彦,1898-11-05,1961-10-11
320,与謝野寛,与謝野,寛,1873-02-26,1935-03-26
1612,江森盛弥,江森,盛弥,1903-08-18,1960-04-05
525,木下尚江,木下,尚江,1869-10-12,1937-11-05
325,蘭郁二郎,蘭,郁二郎,1913-09-02,1944-01-05
1397,橘外男,橘,外男,1894-10-10,1959-07-09
1142,酒井嘉七,酒井,嘉七,1903,1946
1454,伊藤永之介,伊藤,永之介,1903-11-21,1959-07-26
1425,小寺菊子,小寺,菊子,1883-08-07,1956-11-26
260,甲賀三郎,甲賀,三郎,1893-10-05,1945-02-14
268,関根金次郎,関根,金次郎,1868-04-01,1946-03-12
1399,マクラウドフィオナ,マクラウド,フィオナ,1855-09-12,1905-12-12
1325,上村経吉,上村,経吉,1868-04-28,1922-11-21
1326,小笠原長生,小笠原,長生,1867-12-15,1958-09-20
236,大阪圭吉,大阪,圭吉,1912-03-20,1945-07-02
1346,片山広子,片山,広子,1878-02-10,1957-03-19
1486,佐藤緑葉,佐藤,緑葉,1886-07-01,1960-09-02
75,リルケライネル・マリア,リルケ,ライネル・マリア,1875-12-04,1926-12-29
262,小酒井不木,小酒井,不木,1890-10-08,1929-04-01
1179,土田耕平,土田,耕平,1895-01-25,1940-08-12
1497,吉井勇,吉井,勇,1886-10-08,1960-11-19
1054,浜田青陵,浜田,青陵,1881-02-22,1938-07-25
740,原口統三,原口,統三,1927-01-14,1946-10-25
1479,風巻景次郎,風巻,景次郎,1902-05-22,1960-01-04
95,佐々木直次郎,佐々木,直次郎,1901-03-27,1943-05-24
241,小栗風葉,小栗,風葉,1875-02-03,1926-01-15
1195,ダビットヤーコプ・ユリウス,ダビット,ヤーコプ・ユリウス,1859,1906
1372,柴崎芳太郎,柴崎,芳太郎,1876-08-13,1938-01-29
684,内藤鳴雪,内藤,鳴雪,1847-05-29,1926-02-20
1702,ベートーヴェンルートヴィヒ・ヴァン,ベートーヴェン,ルートヴィヒ・ヴァン,1770-12,1827-03-26
1190,アルテンベルクペーター,アルテンベルク,ペーター,1859-03-09,1919-01-08
252,金史良,金,史良,1914-03-03,1950
488,小柳司気太,小柳,司気太,1870-12-24,1940-07-18
275,近松秋江,近松,秋江,1876-05-04,1944-04-23
1193,オイレンベルクヘルベルト,オイレンベルク,ヘルベルト,1876-01-25,1949-09-04
1308,徳永直,徳永,直,1899-01-20,1958-02-15
1192,ホーフマンスタールフーゴー・フォン,ホーフマンスタール,フーゴー・フォン,1874-02-01,1929-07-15
978,竹越与三郎,竹越,与三郎,1865-11-22,1950-01-12
1229,クロポトキンピョートル・アレクセーヴィチ,クロポトキン,ピョートル・アレクセーヴィチ,1842-12-09,1921-02-08
1272,溝口健二,溝口,健二,1898-05-16,1956-08-24
603,白鳥庫吉,白鳥,庫吉,1865-03-01,1942-04-01
134,佐左木俊郎,佐左木,俊郎,1900-04-14,1933-03-13
304,牧逸馬,牧,逸馬,1900-01-17,1935-06-29
1543,犬養健,犬養,健,1896-07-28,1960-08-28
10,大久保ゆう,大久保,ゆう,1982,
712,成島柳北,成島,柳北,1837-03-22,1884-11-30
1575,濹上漁史,濹上漁史,,1837-03-22,1884-11-30
48,南部修太郎,南部,修太郎,1892-10-12,1936-06-22
1151,久米正雄,久米,正雄,1891-11-23,1952-03-01
247,加能作次郎,加能,作次郎,1885-01-10,1941-08-05
930,山本禾太郎,山本,禾太郎,1889-02-28,1951-03-16
162,若山牧水,若山,牧水,1885-08-24,1928-09-17
388,淡島寒月,淡島,寒月,1859-11-17,1926-02-23
102,石橋忍月,石橋,忍月,1865-10-20,1926-02-01
1154,岸田国士,岸田,国士,1890-11-02,1954-03-05
212,竹久夢二,竹久,夢二,1884-09-16,1934-09-01
457,大槻文彦,大槻,文彦,1847-12-22,1928-02-17
963,野上豊一郎,野上,豊一郎,1883-09-14,1950-02-23
1261,邦枝完二,邦枝,完二,1892-12-28,1956-08-02
1222,高楠順次郎,高楠,順次郎,1866-06-29,1945-06-28
1865,大堀竜太郎,大堀,竜太郎,,
1306,川田功,川田,功,1882,1931
278,津村信夫,津村,信夫,1909-01-05,1944-06-27
1178,テーラージェーン,テーラー,ジェーン,1783,1824
1370,豊田三郎,豊田,三郎,1907-02-12,1959-11-18
221,平林初之輔,平林,初之輔,1892-11-08,1931-06-15
606,杉田久女,杉田,久女,1890-05-30,1946-01-21
754,福士幸次郎,福士,幸次郎,1889-11-05,1946-10-11
290,林不忘,林,不忘,1900-01-17,1935-06-29
565,斎藤緑雨,斎藤,緑雨,1868-01-24,1904-04-13
959,相馬御風,相馬,御風,1883-07-10,1950-05-08
1123,チェスタートンギルバート・キース,チェスタートン,ギルバート・キース,1874-05-29,1936-06-14
72,山中貞雄,山中,貞雄,1909-11-07,1938-09-17
1703,ヴェーゲラーフランツ・ゲルハルト,ヴェーゲラー,フランツ・ゲルハルト,1765-08-02,1848-05-07
491,片岡鉄兵,片岡,鉄兵,1894-02-02,1944-12-25
492,片上伸,片上,伸,1884-02-20,1928-03-05
1931,岡田武松,岡田,武松,1874-08-17,1956-09-02
1073,高田保,高田,保,1895-03-28,1952-02-20
1704,ブロイニングエレオノーレ・フォン,ブロイニング,エレオノーレ・フォン,1771,1841
1732,ボードレールシャルル・ピエール,ボードレール,シャルル・ピエール,1821-04-09,1867-08-31
1294,兼常清佐,兼常,清佐,1885-11-22,1957-04-25
577,佐藤惣之助,佐藤,惣之助,1890-12-03,1942-05-15
159,辻潤,辻,潤,1884-10-04,1944-11-24
1149,マルサストマス・ロバート,マルサス,トマス・ロバート,1766-02-13,1834-12-29
1251,ゴールドマンエマ,ゴールドマン,エマ,1869-06-27,1940-05-14
165,内田魯庵,内田,魯庵,1868-04-27,1929-06-29
1392,長谷健,長谷,健,1904-10-17,1957-12-21
1577,服部宇之吉,服部,宇之吉,1867-06-02,1939-07-11
1368,山本実彦,山本,実彦,1885-01-05,1952-07-01
1533,宇野浩二,宇野,浩二,1891-07-26,1961-09-21
526,木下利玄,木下,利玄,1886-01-01,1925-02-15
1147,相馬愛蔵,相馬,愛蔵,1870-11-08,1954-02-14
1148,相馬黒光,相馬,黒光,1876-09-12,1955-03-02
1542,青野季吉,青野,季吉,1890-02-24,1961-06-23
1086,ゴーチェテオフィル,ゴーチェ,テオフィル,1811-08-30,1872-10-23
1521,長与善郎,長与,善郎,1888-08-06,1961-10-29
1231,松本文三郎,松本,文三郎,1869,1944-12-18
1481,三木貞一,三木,貞一,1861,1933
249,嘉村礒多,嘉村,礒多,1897-12-15,1933-11-30
1082,相馬泰三,相馬,泰三,1885-12-29,1952-05-15
112,水野仙子,水野,仙子,1888-12-03,1919-05-31
1172,村山籌子,村山,籌子,1903-11-07,1946-08-04
1295,レスコーフニコライ・セミョーノヴィチ,レスコーフ,ニコライ・セミョーノヴィチ,1831-02-16,1895-03-05
1396,原田義人,原田,義人,1918-08-05,1960-08-01
237,大町桂月,大町,桂月,1869-03-06,1925-06-10
1101,ミルトンジョン,ミルトン,ジョン,1608-12-09,1674-11-08
1374,大下藤次郎,大下,藤次郎,1870-07-09,1911-10-10
1379,小川登喜男,小川,登喜男,1908,1949
1381,石井柏亭,石井,柏亭,1882-03-28,1958-12-29
141,坪内逍遥,坪内,逍遥,1859-06-22,1935-02-28
1037,原勝郎,原,勝郎,1871-04-15,1924-01-12
163,若松賤子,若松,賤子,1864-04-06,1896-02-10
1476,大鹿卓,大鹿,卓,1898-08-25,1959-02-01
348,范曄,范,曄,398,445
1567,橘樸,橘,樸,1881-10-14,1945-10-25
1337,阪井久良伎,阪井,久良伎,1869,1945
802,三宅花圃,三宅,花圃,1869-02-04,1943-07-18
1375,鵜殿正雄,鵜殿,正雄,1877,1945
1373,木暮理太郎,木暮,理太郎,1873,1944-05-07
1228,辻村もと子,辻村,もと子,1906-02-11,1946-05-24
1017,三上義夫,三上,義夫,1875-02-16,1950-12-31
220,吉江喬松,吉江,喬松,1880-09-05,1940-03-26
1389,シュウォッブマルセル,シュウォッブ,マルセル,1867-08-25,1905-02-26
940,別所梅之助,別所,梅之助,1872-01-21,1945-03-01
1388,新島襄,新島,襄,1843-02-12,1890-01-23
111,佐々木味津三,佐々木,味津三,1896-03-18,1934-02-06
1062,ストリンドベリアウグスト,ストリンドベリ,アウグスト,1849,1912
1595,井上準之助,井上,準之助,1869-05-06,1932-02-09
970,とだけん,とだ,けん,1889-01-04,1936-03-11
1262,土原耕作,土原,耕作,1889-01-04,1936-03-11
342,柴田流星,柴田,流星,1879-02-28,1913-09-27
1066,ビアスアンブローズ,ビアス,アンブローズ,1842,1914
338,フランスアナトール,フランス,アナトール,1844-04-16,1924-10-12
1428,アインシュタインアルベルト,アインシュタイン,アルベルト,1879-03-14,1955-04-18
374,饗庭篁村,饗庭,篁村,1855-09-25,1922-06-20
1314,青柳喜兵衛,青柳,喜兵衛,1904-01-01,1938-08-28
1990,芥川紗織,芥川,紗織,1924-05-24,1966-01-31
347,小川亮作,小川,亮作,1910,1951
380,浅井洌,浅井,洌,1849-10-10,1938-02-27
1816,浅野正恭,浅野,正恭,1868-01-22,1954-10-20
225,阿部徳蔵,阿部,徳蔵,1889,1944
1909,安倍能成,安倍,能成,1883-12-23,1966-06-07
1948,鮎川義介,鮎川,義介,1880-11-06,1967-02-13
1902,新井紀一,新井,紀一,1890-02-22,1966-03-13
1716,アラルコンペドロ・アントニオ,アラルコン,ペドロ・アントニオ,1833-01-10,1891-07-19
1221,荻原雲来,荻原,雲来,1869-03-22,1937-12-20
2044,奥増夫,奥,増夫,,
366,アルチバシェッフミハイル・ペトローヴィチ,アルチバシェッフ,ミハイル・ペトローヴィチ,1878-11-05,1927-03-03
1863,安西冬衛,安西,冬衛,1898-03-09,1965-08-24
907,アンドレーエフレオニード・ニコラーエヴィチ,アンドレーエフ,レオニード・ニコラーエヴィチ,1871,1919
1597,李箱,李,箱,1910-09-14,1937-04-17
1626,猪狩満直,猪狩,満直,1898-05-09,1938-04-17
392,生田葵山,生田,葵山,1876-04-14,1945-12-31
393,生田長江,生田,長江,1882-04-21,1936-01-11
1413,池田亀鑑,池田,亀鑑,1896-12-09,1956-12-19
1352,池田輝方,池田,輝方,1833-01-04,1921-05-06
398,池谷信三郎,池谷,信三郎,1900-10-15,1933-12-21
868,池宮城積宝,池宮城,積宝,1893,1951
228,井沢衣水,井沢,衣水,1889,1967-08-14
1252,石井研堂,石井,研堂,1865,1943
1460,尾佐竹猛,尾佐竹,猛,1880-01-20,1946-10-01
1170,石川三四郎,石川,三四郎,1876-05-23,1956-11-28
1835,石川成章,石川,成章,1872-07-26,1945-09-06
1478,石川千代松,石川,千代松,1860-01-08,1935-01-17
1206,石河幹明,石河,幹明,1859-11-11,1943-07-25
229,石田孫太郎,石田,孫太郎,1874,1936
1742,石原忍,石原,忍,1879-09-25,1963-01-03
1665,泉芳朗,泉,芳朗,1905-03-18,1959-04-09
864,板倉勝宣,板倉,勝宣,1898-02-12,1923-01-17
412,市島春城,市島,春城,1860-03-09,1944-04-21
1197,伊東静雄,伊東,静雄,1906-12-10,1953-03-12
1642,伊藤信二,伊藤,信二,1907-10-30,1932-08-14
1232,伊東忠太,伊東,忠太,1867-11-21,1954-04-07
1961,稲垣巌,稲垣,巌,1897-02-15,1937-08-15
1289,犬田卯,犬田,卯,1891-08-23,1957-07-21
1685,井上貞治郎,井上,貞治郎,1881-08-16,1963-11-10
420,井上哲次郎,井上,哲次郎,1856-02-01,1944-12-07
1315,井上良夫,井上,良夫,1908,1945
232,伊波普猷,伊波,普猷,1876-03-15,1947-08-13
1336,伊庭心猿,伊庭,心猿,1908,1957-02-25
1210,違星北斗,違星,北斗,1902-01-01,1929-01-26
234,今井邦子,今井,邦子,1890-05-31,1948-07-15
1627,今村恒夫,今村,恒夫,1908-01-15,1936-12-09
430,伊良子清白,伊良子,清白,1877-10-04,1946-01-10
137,岩野泡鳴,岩野,泡鳴,1873-01-20,1920-05-09
1353,岩村透,岩村,透,1870-02-25,1917-08-17
493,加藤朝鳥,加藤,朝鳥,1886-09-19,1938-05-17
1534,岩本素白,岩本,素白,1883-08-17,1961-10-02
17,ウィードグスターフ,ウィード,グスターフ,1858,1914
435,上田万年,上田,万年,1867-02-11,1937-10-26
1628,上田進,上田,進,1907-10-24,1947-02-24
1903,上田広,上田,広,1905-06-18,1966-02-27
880,枯葉,枯葉,,,
1705,ヴェルハーレンエミール,ヴェルハーレン,エミール,1855-03-21,1916-11-27
1582,宇田川文海,宇田川,文海,1848-03-28,1930-01-06
1070,神吉三郎,神吉,三郎,1899-2-17,1952-11-9
1762,内山完造,内山,完造,1885-01-11,1959-09-20
1798,梅崎春生,梅崎,春生,1915-02-15,1965-07-19
1630,榎南謙一,榎南,謙一,1913,1945
1321,江南文三,江南,文三,1887-12-26,1946-02-08
448,江見水蔭,江見,水蔭,1869-09-17,1934-11-03
1139,エンゲルスフリードリッヒ,エンゲルス,フリードリッヒ,1820-11-28,1895-08-05
1908,小穴隆一,小穴,隆一,1894-11-28,1966-04-24
1631,大石喜幸,大石,喜幸,1910,1941
1632,大江鉄麿,大江,鉄麿,1915,1944
1689,大木頭,大木,頭,1886-02-20,1912-04-13
1879,大隈重信,大隈,重信,1838-03-11,1922-01-10
1872,大下宇陀児,大下,宇陀児,1896-11-15,1966-08-11
863,大島亮吉,大島,亮吉,1899-09-04,1928-03-25
1824,大坪砂男,大坪,砂男,1904-02-01,1965-01-12
1316,大庭武年,大庭,武年,1904,1945
1474,丘浅次郎,丘,浅次郎,1868-12-31,1944-05-02
965,丘丘十郎,丘,丘十郎,1897-12-26,1949-05-17
467,岡倉由三郎,岡倉,由三郎,1868-03-15,1936-10-31
1354,岡崎雪声,岡崎,雪声,1854-02-26,1921-04-16
1355,岡田三郎助,岡田,三郎助,1869- 02-22,1939-09-23
874,尾形亀之助,尾形,亀之助,1900-12-12,1942-12-02
239,岡本一平,岡本,一平,1886-06-11,1948-10-11
1339,岡本帰一,岡本,帰一,1888-6-12,1930-12-29
474,小川正子,小川,正子,1902-03-26,1943-04-29
120,木下杢太郎,木下,杢太郎,1885-08-01,1945-10-15
1180,沖野岩三郎,沖野,岩三郎,1876-01-05,1956-01-30
240,荻原守衛,荻原,守衛,1879-12-01,1910-04-22
1753,尾崎士郎,尾崎,士郎,1898-02-05,1964-02-19
242,尾崎秀実,尾崎,秀実,1901-05-01,1944-11-07
479,小山内薫,小山内,薫,1881-07-26,1928-12-25
1589,落合ユキ子,落合,ユキ子,1903-11-07,1946-08-04
1761,小津安二郎,小津,安二郎,1903-12-12,1963-12-12
1887,小野梓,小野,梓,1852-03-10,1886-01-11
243,小野賢一郎,小野,賢一郎,1888-07-01,1943-02-01
871,小野浩,小野,浩,1894-06-29,1933-10-21
1356,尾上梅幸,尾上,梅幸,1870-11-08,1934-11-08
201,グリーンジェイムズ,グリーン,ジェイムズ,,2014-04
1246,恩地孝四郎,恩地,孝四郎,1891-07-02,1955-06-03
1290,癋見鈍太郎,癋見,鈍太郎,1889-01-04,1936-03-11
244,梶井久,梶井,久,1870,1946
1978,勝本清一郎,勝本,清一郎,1899-05-05,1967-03-23
1286,桂小南,桂,小南,1880-05-24,1947-11-21
919,加藤一夫,加藤,一夫,1887-02-28,1951-01-25
1317,加藤弘之,加藤,弘之,1836-06-23,1916-02-09
1240,加藤道夫,加藤,道夫,1918-10-17,1953-12-22
1984,金沢庄三郎,金沢,庄三郎,1872-06-12,1967-06-02
873,金田千鶴,金田,千鶴,1902-11-19,1934-08-17
1956,金森徳次郎,金森,徳次郎,1886-03-17,1959-06-16
920,金子薫園,金子,薫園,1876-11-30,1951-03-30
246,金子ふみ子,金子,ふみ子,1903-01-25,1926-07-23
1781,金田鬼一,金田,鬼一,1886-12-10,1963-11-01
866,狩野亨吉,狩野,亨吉,1865-09-17,1942-12-22
891,加福均三,加福,均三,1885,1948
1870,亀井勝一郎,亀井,勝一郎,1907-02-06,1966-11-14
1076,高良とみ,高良,とみ,1896-7-1,1993-1-17
1906,河井寛次郎,河井,寛次郎,1890-08-24,1966-11-18
1861,河井酔茗,河井,酔茗,1874-05-07,1965-01-17
507,川上眉山,川上,眉山,1869-04-16,1908-06-15
1911,川田順,川田,順,1882-01-15,1966-01-22
1588,川田雪山,川田,雪山,1879-05-24,1951-01
1532,川田瑞穂,川田,瑞穂,1879-05-24,1951-01
369,川端茅舎,川端,茅舎,1897-08-17,1941-07-17
510,河東碧梧桐,河東,碧梧桐,1873-02-26,1937-02-01
938,観世左近　二十四世,観世,左近　二十四世,1895-12-18,1939-03-21
1731,神田左京,神田,左京,1874-07-07,1939-07-07
1666,漢那浪笛,漢那,浪笛,1887,1939
1055,蒲原有明,蒲原,有明,1875-03-15,1952-02-03
1484,魏徴,魏,徴,580,643
872,木内高音,木内,高音,1896-02-28,1951-06-07
514,菊池幽芳,菊池,幽芳,1870-10-27,1947-07-21
1723,斎藤三郎,斎藤,三郎,1895-08-26,1960-02-02
164,堺利彦,堺,利彦,1871-01-15,1933-01-23
251,岸田劉生,岸田,劉生,1891-06-23,1929-12-20
1751,北尾亀男,北尾,亀男,1892-08-25,1958-02-08
1357,北村四海,北村,四海,1871-04-03,1927-11-14
1537,喜多村緑郎,喜多村,緑郎,1871-09-07,1961-05-16
114,キプリングラデャード,キプリング,ラデャード,1865-12-30,1936-01-18
1207,木村芥舟,木村,芥舟,1830-02-27,1901-12-09
1243,木村小舟,木村,小舟,1881-09-12,1955-04-20
1894,木村荘十,木村,荘十,1897-01-12,1967-05-06
1643,木村好子,木村,好子,1904-01-10,1959-10-24
1327,肝付兼行,肝付,兼行,1853-04-23,1922-01-13
1393,キャロルルイス,キャロル,ルイス,1832-01-27,1898-01-14
1078,瞿佑,瞿,佑,1341,1427
253,陸羯南,陸,羯南,1857-11-30,1907-09-02
1516,草野天平,草野,天平,1910-02-28,1952-04-25
1866,楠田匡介,楠田,匡介,1903,1966
367,クスミンミカイル・アレクセーヴィチ,クスミン,ミカイル・アレクセーヴィチ,1872,1936
1834,The Creative CAT,The Creative CAT,,,
1633,国見善弘,国見,善弘,1916,1937
1307,久保栄,久保,栄,1900-12-28,1958-03-15
537,久保良英,久保,良英,1883-04-22,1942-11-11
1907,窪田空穂,窪田,空穂,1877-06-08,1967-04-12
1692,久保田万太郎,久保田,万太郎,1889-11-07,1963-05-06
1144,クラウフォードフランシス・マリオン,クラウフォード,フランシス・マリオン,1854-08-02,1909-04-09
1645,倉橋潤一郎,倉橋,潤一郎,1914,1945-10
1821,蔵原伸二郎,蔵原,伸二郎,1899-09-04,1965-03-16
357,クラルテジュール,クラルテ,ジュール,1840,1913
1527,栗島山之助,栗島,山之助,1876-04-01,1945-11-06
1563,グルモンレミ・ドゥ,グルモン,レミ・ドゥ,1858-04-04,1915-09-27
1707,クローデルポール,クローデル,ポール,1868-08-06,1955-02-23
974,黒木舜平,黒木,舜平,1909-06-19,1948-06-13
37,黒島伝治,黒島,伝治,1898-12-12,1943-10-17
257,黒田清輝,黒田,清輝,1866-06-29,1924-07-15
1435,黒部溯郎,黒部,溯郎,1892,1949-03
542,桑木厳翼,桑木,厳翼,1874-06-25,1946-12-15
1250,ケイエレン,ケイ,エレン,1849-12-11,1926-04-25
1285,慶應義塾,慶應義塾,,,
1300,ケネディパトリック,ケネディ,パトリック,1801,1873
1769,ゲランシャルル,ゲラン,シャルル,1873-12-29,1907-03-17
1846,小泉信三,小泉,信三,1888-05-04,1966-05-11
1759,実吉捷郎,実吉,捷郎,1895-01-20,1962-02-15
1774,高祖保,高祖,保,1910-05-04,1945-01-20
1469,河野常吉,河野,常吉,1863-01-11,1930-09-03
1677,河野広道,河野,広道,1905-01-17,1963-07-12
1797,河本大作,河本,大作,1883-01-24,1955-08-25
1077,郡虎彦,郡,虎彦,1890-6-28,1924-10-6
364,ゴーリキーマクシム,ゴーリキー,マクシム,1868,1936
1247,小金井喜美子,小金井,喜美子,1871-01-19,1956-01-26
1186,宍戸儀一,宍戸,儀一,1907-05-09,1954-08-19
599,島村抱月,島村,抱月,1871-02-28,1918-11-05
27,小島烏水,小島,烏水,1873-12-29,1948-12-13
1803,小杉放庵,小杉,放庵,1881-12-30,1964-04-16
1672,小竹主,小竹,主,1873-10-03,1961-12-04
553,児玉花外,児玉,花外,1874-07-07,1943-09-20
1613,後藤謙太郎,後藤,謙太郎,1895,1925
1256,小林一三,小林,一三,1873-01-03,1957-01-25
1201,小舟勝二,小舟,勝二,,1931
1884,小宮豊隆,小宮,豊隆,1884-03-07,1966-05-03
1268,小村雪岱,小村,雪岱,1887-03-22,1940-10-17
1867,小山清,小山,清,1911-10-04,1965-03-06
601,十一谷義三郎,十一谷,義三郎,1897-10-14,1937-04-02
362,コロレンコウラジミール・ガラクティオノヴィチ,コロレンコ,ウラジミール・ガラクティオノヴィチ,1853-07-15,1921-12-25
1390,金剛巌,金剛,巌,1886,1951
1471,今野大力,今野,大力,1904-02-05,1935-06-19
1736,庄野健,庄野,健,1955,
1131,新青年編輯局,新青年編輯局,,,
1409,菅野徳助,菅野,徳助,,1915-01-13
46,鈴木行三,鈴木,行三,,1962-02-03
1804,三枝博音,三枝,博音,1892-05-20,1963-11-09
1806,斉藤弘吉,斉藤,弘吉,1899,1964-09-19
1096,榊亮三郎,榊,亮三郎,1872-04-05,1946-08-24
1778,薄田斬雲,薄田,斬雲,1877-01-27,1956-03-27
1849,関根秀雄,関根,秀雄,1895-09-17,1987-07-27
1213,瀬沼夏葉,瀬沼,夏葉,1875-12-11,1915-02-28
913,sogo,sogo,,,
621,高垣松雄,高垣,松雄,1890-12-13,1940-09-13
1920,宝探子,宝,探子,,
2053,竹本周平,竹本,周平,,
1767,サキ,サキ,,1870-12-18,1916-11-14
1604,桜間中庸,桜間,中庸,1911-07-06,1934-04-18
263,佐々木喜善,佐々木,喜善,1886-10-05,1933-09-29
1750,佐々木邦,佐々木,邦,1883-05-04,1964-09-22
1691,佐佐木信綱,佐佐木,信綱,1872-07-08,1963-12-02
911,ささきふさ,ささき,ふさ,1897,1949
1904,佐佐木茂索,佐佐木,茂索,1894-11-11,1966-12-01
1713,サッフォ,サッフォ,,紀元前7世紀末,紀元前6世紀初
1614,佐藤武夫,佐藤,武夫,1906,1929
1763,佐藤春夫,佐藤,春夫,1892-04-09,1964-05-06
219,里村欣三,里村,欣三,1902-03-13,1945-02-23
1227,佐野友三郎,佐野,友三郎,1864-03-10,1920-05-13
166,サマンアルベール,サマン,アルベール,1858,1900
1141,沢田正二郎,沢田,正二郎,1892-05-27,1929-03-04
1932,山東京山,山東,京山,1769-07-18,1858-10-30
2007,山東京伝,山東,京伝,1761-09-13,1816-10-27
585,三文字屋金平,三文字屋,金平,1868-04-05,1929-06-29
1805,三遊亭金馬,三遊亭,金馬,1894-10-25,1964-11-08
1925,シートンアーネスト・トンプソン,シートン,アーネスト・トンプソン,1860-08-14,1946-10-23
1995,ジェイコブスウイリアム・ワイマーク,ジェイコブス,ウイリアム・ワイマーク,1863-09-08,1943-09-01
1862,式場隆三郎,式場,隆三郎,1898-07-02,1965-11-21
1794,幣原喜重郎,幣原,喜重郎,1872-09-13,1951-03-10
1832,柴田宵曲,柴田,宵曲,1897-09-02,1966-08-23
1970,島秋人,島,秋人,1934-06-28,1967-11-02
265,島木赤彦,島木,赤彦,1876-12-17,1926-03-27
1526,島袋源一郎,島袋,源一郎,1885-10-05,1942-03-27
1146,清水紫琴,清水,紫琴,1868-01-25,1933-07-31
1615,下川儀太郎,下川,儀太郎,1904,1961
1696,下村海南,下村,海南,1875-05-11,1957-12-09
360,シュニッツレルアルツール,シュニッツレル,アルツール,1862,1931
352,田中早苗,田中,早苗,1884,1945
1194,シュミットボンウィルヘルム,シュミットボン,ウィルヘルム,1876,1952
1551,条野採菊,条野,採菊,1832,1902-01-24
12,素木しづ,素木,しづ,1895-03-26,1918-01-29
1427,田部隆次,田部,隆次,1875-10-20,1957-12-20
956,白柳秀湖,白柳,秀湖,1884-01-07,1950-11-09
1485,沈約,沈,約,441,513
1938,新村出,新村,出,1876-10-04,1967-08-17
1607,末吉安持,末吉,安持,1887,1907
133,菅原孝標女,菅原孝標女,,1008,
608,杉村楚人冠,杉村,楚人冠,1872-08-28,1945-10-03
957,鈴木梅太郎,鈴木,梅太郎,1874-04-07,1943-09-20
1350,鈴木鼓村,鈴木,鼓村,1875,1931-03-12
1833,鈴木大拙,鈴木,大拙,1870-11-11,1966-07-12
101,田宮まや,田宮,まや,,
975,薄田淳介,薄田,淳介,1877-05-19,1945-10-09
1985,薄田太郎,薄田,太郎,1902-11-01,1967-04-23
1145,ストックトンフランシス・リチャード,ストックトン,フランシス・リチャード,1834-04-05,1902-04-19
1026,関寛,関,寛,1830,1912-10-15
1402,関口存男,関口,存男,1894-11-21,1958-07-25
1358,関根黙庵,関根,黙庵,1863,1923
1606,世礼国男,世礼,国男,1897-07-20,1950-01-23
617,千家元麿,千家,元麿,1888-06-08,1948-03-14
1199,ソログープフョードル,ソログープ,フョードル,1863-02-17,1927-12-07
1191,高木敏雄,高木,敏雄,1876,1922
1371,高頭仁兵衛,高頭,仁兵衛,1877-05-20,1958-04-06
116,鷹野つぎ,鷹野,つぎ,1890-08-15,1943-03-19
1697,高野六郎,高野,六郎,1884-09-03,1960-12-15
1823,高見順,高見,順,1907-01-30,1965-08-17
1540,知里真志保,知里,真志保,1909-02-24,1961-06-09
1780,高群逸枝,高群,逸枝,1894-01-18,1964-06-07
634,田口卯吉,田口,卯吉,1855-06-13,1905-04-13
636,竹内勝太郎,竹内,勝太郎,1894-10-20,1935-06-25
1675,竹内浩三,竹内,浩三,1921-05-12,1945-04-09
977,竹越三叉,竹越,三叉,1865-11-22,1950-01-12
189,武田麟太郎,武田,麟太郎,1904-05-09,1946-03-31
1075,タゴールラビンドラナート,タゴール,ラビンドラナート,1861-05-06,1941-08-07
1184,手塚寿郎,手塚,寿郎,1887,1943
904,田沢稲舟,田沢,稲舟,1874-12-28,1896-09-10
1624,陀田勘助,陀田,勘助,1902-01-15,1931-08-22
1782,辰野九紫,辰野,九紫,1892-07-16,1962-08-06
1796,辰野隆,辰野,隆,1888-03-01,1964-02-28
1122,戸川明三,戸川,明三,1871-02-07,1939-07-09
1610,田辺孝次,田辺,孝次,1890,1945
272,谷譲次,谷,譲次,1900-01-17,1935-06-29
273,田畑修一郎,田畑,修一郎,1903-09-02,1943-07-23
1634,田村乙彦,田村,乙彦,1911-12-10,1945-04-15
1226,田村松魚,田村,松魚,1877,1948
655,田村俊子,田村,俊子,1884-04-25,1945-04-16
678,富永太郎,富永,太郎,1901-05-04,1925-11-12
1635,丹沢明,丹沢,明,1904,1944
274,談洲楼燕枝　二代,談洲楼,燕枝　二代,1879,1935
1722,ダンセイニロード,ダンセイニ,ロード,1878-07-24,1957-10-25
1557,丹波敬三,丹波,敬三,1854,1927
365,チリコフオイゲン,チリコフ,オイゲン,1864,1932
1057,陳玄祐,陳,玄祐,,
1876,塚原健二郎,塚原,健二郎,1895-02-16,1965-08-07
660,塚原渋柿園,塚原,渋柿園,1848-04-04,1917-07-05
934,塚原蓼洲,塚原,蓼洲,1848-03-01,1917-07-05
277,辻村伊助,辻村,伊助,1886-04-22,1923-09-01
1671,津田黄昏,津田,黄昏,1873-10-03,1961-12-04
1322,津田真道,津田,真道,1829-07-25,1903-09-03
344,土田杏村,土田,杏村,1891-01-15,1934-04-25
87,綱島梁川,綱島,梁川,1873-05-27,1907-09-14
1939,恒藤恭,恒藤,恭,1888-12-03,1967-11-02
1674,鶴彬,鶴,彬,1909-01-01,1938-09-14
884,ディモフオシップ,ディモフ,オシップ,1878,1959
1087,デフォーダニエル,デフォー,ダニエル,1659,1731-04-26
1084,寺島柾史,寺島,柾史,1893-10-24,1952
1198,土井八枝,土井,八枝,1879-02-21,1948-05-10
1135,ド・ヴィルヌーヴガブリエル=シュザンヌ・バルボ,ド・ヴィルヌーヴ,ガブリエル=シュザンヌ・バルボ,1695,1755
1654,濤音,濤音,,1888-05-28,1953-11-23
1181,ドーデアルフォンス,ドーデ,アルフォンス,1840-03-13,1897-12-17
1788,十返肇,十返,肇,1914-03-25,1963-08-28
669,戸川秋骨,戸川,秋骨,1871-02-07,1939-07-09
1968,時枝誠記,時枝,誠記,1900-12-06,1967-10-27
1369,徳富蘇峰,徳富,蘇峰,1863-01-25,1957-11-02
1611,徳永保之助,徳永,保之助,1889-08-10,1925-12-13
1658,渡久山水鳴,渡久山,水鳴,1884,1911
1455,登張竹風,登張,竹風,1873-10-02,1955-01-06
149,富岡誠,富岡,誠,1897-01-01,1926-10-15
1715,富沢赤黄男,富沢,赤黄男,1902-07-14,1962-03-07
1958,富田常雄,富田,常雄,1904-01-01,1967-10-16
677,富田木歩,富田,木歩,1897-04-14,1923-09-01
282,富ノ沢麟太郎,富ノ沢,麟太郎,1899-03-25,1925-02-24
923,朝永三十郎,朝永,三十郎,1871-02-05,1951-09-18
1161,鳥谷部春汀,鳥谷部,春汀,1865-03-29,1908-12-21
47,長尾高弘,長尾,高弘,1960,
692,中島孤島,中島,孤島,1878-10-27,1946-04-09
1851,中島英之,中島,英之,1942,
1362,豊田喜一郎,豊田,喜一郎,1894-06-11,1952-03-27
1900,ドロステ＝ヒュルスホフアネッテ・フォン,ドロステ＝ヒュルスホフ,アネッテ・フォン,1797-01-10,1848-05-25
2045,中村喜治,中村,喜治,,
1799,中勘助,中,勘助,1885-05-22,1965-05-03
1061,中山省三郎,中山,省三郎,1904-1-28,1947-5-30
1410,奈倉次郎,奈倉,次郎,1871,1947
869,永崎貢,永崎,貢,1908-11-23,1934-12-12
690,中沢臨川,中沢,臨川,1878-10-28,1920-08-09
1655,長沢佑,長沢,佑,1910-02-17,1933-02-17
1910,中島哀浪,中島,哀浪,1883-07-30,1966-10-29
1636,中島葉那子,中島,葉那子,1909-12-20,1939-04-20
697,中戸川吉二,中戸川,吉二,1896-05-20,1942-11-19
1637,中野鈴子,中野,鈴子,1906-01-24,1958-01-05
1905,中野秀人,中野,秀人,1898-05-17,1966-05-13
1008,中浜哲,中浜,哲,1897-01-01,1926-10-15
1667,仲村渠,仲村,渠,1905-10-03,1951-12-04
1996,中村研一,中村,研一,1895-05-14,1967-08-28
702,中村憲吉,中村,憲吉,1889-01-25,1934-05-05
1954,中村清太郎,中村,清太郎,1888-04-30,1967-12-20
1822,中村地平,中村,地平,1908-02-07,1963-02-26
1171,日本童話研究会,日本童話研究会,,,
181,能美武功,能美,武功,,
1436,中山啓,中山,啓,1895-04-26,1957-10-02
1587,楢崎竜,楢崎,竜,1841-07-23,1906-01-15
1943,成沢玲川,成沢,玲川,1877-12-14,1962-10-20
1323,西周,西,周,1829-03-07,1897-01-31
1163,仁科芳雄,仁科,芳雄,1890-12-06,1951-01-10
1617,西村陽吉,西村,陽吉,1892-04-09,1959-03-22
1776,蜷川新,蜷川,新,1873-01-14,1959-08-17
1359,沼田一雅,沼田,一雅,1873-05-05,1954-06-05
1618,根岸正吉,根岸,正吉,1892,1922
1706,ネグリアダ,ネグリ,アダ,1870-02-03,1945-01-11
1927,野上彰,野上,彰,1909-02-15,1967-11-04
939,野口米次郎,野口,米次郎,1875-12-08,1947-07-13
1188,野中至,野中,至,1867-09-19,1955-02-28
1912,野間清六,野間,清六,1902-02-12,1966-12-13
1802,野村あらえびす,野村,あらえびす,1882-10-15,1963-04-14
1670,野村胡堂,野村,胡堂,1882-10-15,1963-04-14
128,長谷悟,長谷,悟,,
1619,野村吉哉,野村,吉哉,1901-11-15,1940-08-29
287,野呂栄太郎,野呂,栄太郎,1900-04-30,1934-02-19
1299,ハイドダグラス,ハイド,ダグラス,1860-01-17,1949-07-12
725,萩原恭次郎,萩原,恭次郎,1899-05-23,1938-11-22
88,長谷川集平,長谷川,集平,1955,
1878,早川健治,早川,健治,1989,
900,橋本五郎,橋本,五郎,1903-05-01,1948-05-29
1752,橋本多佳子,橋本,多佳子,1898-01-05,1963-05-29
1412,林田清明,林田,清明,,
1726,長谷川伸,長谷川,伸,1884-03-15,1963-06-11
1338,羽仁もと子,羽仁,もと子,1873-09-08,1957-04-07
1989,早川鮎子,早川,鮎子,1936,1967
1972,林譲治,林,譲治,1889-03-24,1960-04-05
1901,番匠谷英一,番匠谷,英一,1895-08-14,1966-06-17
208,平井肇,平井,肇,1896-05-17,1946-07-07
292,原田皐月,原田,皐月,1887,1933
1620,波立一,波立,一,1908,1937
1714,平野零児,平野,零児,1897-02-06,1961-08-26
1280,hiro,hiro,,,
1979,菱山修三,菱山,修三,1909-08-28,1967-08-07
1809,人見絹枝,人見,絹枝,1907-01-01,1931-08-02
1167,日野強,日野,強,1866-01-23,1920-12-23
1986,秘田余四郎,秘田,余四郎,1908-10-15,1967-09-18
1158,ビョルンソンビョルンステェルネ,ビョルンソン,ビョルンステェルネ,1832-12-08,1910-04-26
1360,平井金三,平井,金三,1859,1916
80,平出修,平出,修,1878-04-03,1914-03-17
343,平田禿木,平田,禿木,1873-02-10,1943-03-13
1378,平野長蔵,平野,長蔵,1870-09-05,1930-08-20
294,平野万里,平野,万里,1885-05-25,1947-02-10
1233,福永渙,福永,渙,1886-03-22,1936-05-05
1886,藤井英男,藤井,英男,,
1137,婦人文化研究会,婦人文化研究会,,,
1638,平林彪吾,平林,彪吾,1903-09-01,1939-04-28
1292,平山千代子,平山,千代子,1925-12-16,1944-08-02
1132,平山蘆江,平山,蘆江,1882-11-15,1953-04-18
359,ヒルシュフェルドゲオルヒ,ヒルシュフェルド,ゲオルヒ,1873-02-11,1943-01-17
1639,広海大治,広海,大治,1910,1960-08-25
295,広津柳浪,広津,柳浪,1861-07-15,1928-10-15
881,ブウテフレデリック,ブウテ,フレデリック,1874,1941
1913,深瀬基寛,深瀬,基寛,1895-10-12,1966-08-21
298,藤島武二,藤島,武二,1867-10-15,1943-03-19
1500,総生寛,総生,寛,1841,1894-10-09
1710,プラーテンアウグスト,プラーテン,アウグスト,1796-10-24,1835-12-05
1951,ブラックウッドアルジャーノン,ブラックウッド,アルジャーノン,1869-03-14,1951-12-10
1651,古川アヤ,古川,アヤ,1903-11-07,1946-08-04
115,ブレイクウィリアム,ブレイク,ウィリアム,1757-11-28,1827-8-12
882,プレヴォーマルセル,プレヴォー,マルセル,1862-05-01,1941
1111,ブロンテシャーロット,ブロンテ,シャーロット,1816-04-21,1855-03-31
1709,ベルトランルイ,ベルトラン,ルイ,1807-04-20,1841-04-29
765,逸見猶吉,逸見,猶吉,1907-09-09,1946-05-17
1051,蒲松齢,蒲,松齢,1640-06-05,1715-02-25
971,萠円,萠円,,1889-01-04,1936-03-11
972,萠円山人,萠円山人,,1889-01-04,1936-03-11
1377,細井吉造,細井,吉造,1904,1936-11-04
371,細井和喜蔵,細井,和喜蔵,1897-05-09,1925-08-18
927,穂積重遠,穂積,重遠,1883-04-11,1951-07-29
1058,ホフマンエルンスト・テオドーア・アマーデウス,ホフマン,エルンスト・テオドーア・アマーデウス,1776-01-24,1822-06-25
302,堀口九万一,堀口,九万一,1865-02-23,1945-10-30
303,本庄陸男,本庄,陸男,1905-02-20,1939-07-23
1361,本田親二,本田,親二,1885,1948
1555,本多静六,本多,静六,1866-08-11,1952-01-29
1719,前田普羅,前田,普羅,1884-04-18,1954-08-08
928,前田夕暮,前田,夕暮,1883-07-27,1951-04-20
1297,前田河広一郎,前田河,広一郎,1888-11-13,1957-12-04
1585,槙村浩,槙村,浩,1912-06-01,1938-09-03
1175,槙本楠郎,槙本,楠郎,1898-08-01,1956-09-14
1117,マクドナルドジョージ,マクドナルド,ジョージ,1824-04-10,1905-09-18
1676,正木不如丘,正木,不如丘,1887-02-26,1962-07-30
1472,松井須磨子,松井,須磨子,1886-03-08,1919-01-05
1408,松浦武四郎,松浦,武四郎,1818-03-12,1888-02-10
1447,松崎天民,松崎,天民,1878-05-18,1934-07-22
104,松永延造,松永,延造,1895-04-26,1938-11-20
307,松濤明,松濤,明,1922-03-05,1949-01-06
1556,松村任三,松村,任三,1856-02-14,1928-05-04
1434,松本幸四郎,松本,幸四郎,1870-05-12,1949-01-28
1622,松本淳三,松本,淳三,1895-01-01,1950-10-09
308,松本泰,松本,泰,1887-02-22,1939-04-19
309,真山青果,真山,青果,1878-09-01,1948-03-25
1708,マラルメステファヌ,マラルメ,ステファヌ,1842-03-18,1898-09-09
1138,マルクスカール・ハインリッヒ,マルクス,カール・ハインリッヒ,1818-05-05,1883-03-14
1758,マンパウル・トーマス,マン,パウル・トーマス,1875-06-06,1955-08-12
788,三浦環,三浦,環,1884-02-22,1946-05-26
792,三木竹二,三木,竹二,1867-10-02,1908-01-10
793,三沢勝衛,三沢,勝衛,1885-01-25,1937-08-18
22,三島霜川,三島,霜川,1876-07-30,1934-03-07
1074,水谷まさる,水谷,まさる,1894-12-25,1950-05-25
941,水野葉舟,水野,葉舟,1883-04-09,1947-02-02
1133,三田村鳶魚,三田村,鳶魚,1870-04-17,1952-05-14
1698,光田健輔,光田,健輔,1876-01-12,1964-05-14
973,三鳥山人,三鳥山人,,1889-01-04,1936-03-11
1400,松村みね子,松村,みね子,1878-02-10,1957-03-19
800,水上滝太郎,水上,滝太郎,1887-12-06,1940-03-23
1394,丸山英観,丸山,英観,1885-01-18,1956-02-05
1288,宮城道雄,宮城,道雄,1894-04-07,1956-06-25
147,三浦久,三浦,久,1945,
1871,三宅周太郎,三宅,周太郎,1892-07-22,1967-02-14
804,三宅やす子,三宅,やす子,1890-03-15,1932-01-18
805,宮崎湖処子,宮崎,湖処子,1864-09-20,1922-08-09
1494,水上茂樹,水上,茂樹,,
801,三宅幾三郎,三宅,幾三郎,1897-10-15,1941-05-01
929,宮島資夫,宮島,資夫,1886-08-01,1951-02-19
1446,宮地嘉六,宮地,嘉六,1884-06-11,1958-04-10
809,宮原晃一郎,宮原,晃一郎,1882-09-02,1945-06-10
1717,ミュッセアルフレッド,ミュッセ,アルフレッド,1810-12-11,1857-05-02
312,村井政善,村井,政善,,1937
346,村岡博,村岡,博,1895-02-03,1946-04-19
815,村上浪六,村上,浪六,1865-11-01,1944-12-01
1559,村越三千男,村越,三千男,1880,1948
1225,村山俊太郎,村山,俊太郎,1905-07-15,1948-12-09
1764,モースエドワード・シルヴェスター,モース,エドワード・シルヴェスター,1838-06-18,1925-12-20
1035,モーゼスウィリアム・ステイントン,モーゼス,ウィリアム・ステイントン,1839,1892
1376,百瀬慎太郎,百瀬,慎太郎,1892,1949-03
1623,百田宗治,百田,宗治,1893-01-25,1955-12-12
1977,森於菟,森,於菟,1890-09-13,1967-12-21
1640,森竹夫,森,竹夫,1905,1946
1652,森川義信,森川,義信,1918-10-11,1942-08-13
1826,森下雨村,森下,雨村,1890-02-23,1965-05-16
826,森田草平,森田,草平,1881-03-19,1949-12-14
1864,森田正馬,森田,正馬,1874-01-18,1938-04-12
883,モルナールフェレンツ,モルナール,フェレンツ,1878-01-12,1952-04-01
1891,矢崎源九郎,矢崎,源九郎,1921-03-26,1967-02-23
1083,矢崎嵯峨の舎,矢崎,嵯峨の舎,1863-03-01,1947-10-26
317,矢田津世子,矢田,津世子,1907-06-19,1944-03-14
1656,矢田部達郎,矢田部,達郎,1893-10-24,1958-03-24
1538,矢内原忠雄,矢内原,忠雄,1893-01-27,1961-12-25
831,柳川春葉,柳川,春葉,1877-03-05,1918-01-09
1934,柳原白蓮,柳原,白蓮,1885-10-15,1967-02-22
1641,藪田忠夫,藪田,忠夫,1912,1943-01
1080,藪野椋十,藪野,椋十,1872-06-03,1926-04-09
1969,矢部貞治,矢部,貞治,1902-11-09,1967-05-07
1949,山浦貫一,山浦,貫一,1893-03-20,1967-09-26
1801,山川方夫,山川,方夫,1930-02-25,1965-02-20
1662,山口芳光,山口,芳光,,1930
1777,山崎富栄,山崎,富栄,1919-09-24,1948-06-13
837,山路愛山,山路,愛山,1865-01-23,1917-03-14
1391,山下博章,山下,博章,1898,1943-12-05
1208,山下利三郎,山下,利三郎,1892,1952-03-29
1334,山田済斎,山田,済斎,1867-12-18,1952-11-21
1889,山中峯太郎,山中,峯太郎,1885-12-15,1966-04-28
1693,山之口貘,山之口,貘,1903-09-11,1963-07-19
1845,村田稔雄,村田,稔雄,1923,
870,山本勝治,山本,勝治,,1929-03-17
319,山本宣治,山本,宣治,1889-05-28,1929-03-05
370,横瀬夜雨,横瀬,夜雨,1878-01-01,1934-02-14
1994,森郁夫,森,郁夫,1929,1966
321,与謝野礼厳,与謝野,礼厳,1823-10-16,1898-08-17
1328,吉井幸蔵,吉井,幸蔵,1856-01-02,1927-10-07
322,吉江孤雁,吉江,孤雁,1880-09-05,1940-03-26
1258,吉田甲子太郎,吉田,甲子太郎,1894-03-23,1957-01-08
1177,吉田絃二郎,吉田,絃二郎,1886-11-24,1956-05-21
1924,吉田茂,吉田,茂,1878-09-22,1967-10-20
1741,吉田松陰,吉田,松陰,1830-09-20,1859-11-21
323,吉野作造,吉野,作造,1878-01-29,1933-03-18
1974,吉野秀雄,吉野,秀雄,1902-07-03,1967-07-13
1659,吉本明光,吉本,明光,1899,1960
43,吉行エイスケ,吉行,エイスケ,1906-05-10,1940-07-08
1983,淀野隆三,淀野,隆三,1904-04-16,1967-07-07
1196,ランドハンス,ランド,ハンス,1861,不詳
1164,リカードデイヴィッド,リカード,デイヴィッド,1772-04-19,1823-09-11
1089,リットンエドワード・ジョージ・アール・ブルワー,リットン,エドワード・ジョージ・アール・ブルワー,1803-05-25,1873-01-18
1937,笠信太郎,笠,信太郎,1900-12-11,1967-12-04
30,山形浩生,山形,浩生,,
960,山川丙三郎,山川,丙三郎,1876,1947
326,ルヴェルモーリス,ルヴェル,モーリス,1875-08-29,1926-04-15
358,ルモンニエーカミーユ,ルモンニエー,カミーユ,1844-03-24,1913-06-13
356,レニエアンリ・ド,レニエ,アンリ・ド,1864-12-28,1936-05-23
332,ワイルドオスカー,ワイルド,オスカー,1854-10-16,1900-11-30
331,若杉鳥子,若杉,鳥子,1892-12-21,1937-12-18
1501,若林玵蔵,若林,玵蔵,1857-09-19,1938-05-03
100,山本ゆうじ,山本,ゆうじ,,
98,結城浩,結城,浩,1963,
1203,ワタナベオン,ワタナベ,オン,1902-08-26,1930-02-10
1185,ワルラスマリー・エスプリ・レオン,ワルラス,マリー・エスプリ・レオン,1834-12-16,1910-01-05
1657,アークムフレデリック,アークム,フレデリック,1769-03-29,1838-06-28
330,青木栄瞳,青木,栄瞳,,
1790,青空文庫,青空文庫,,,
130,秋野平,秋野,平,,
139,朝倉克彦,朝倉,克彦,,
1964,天川恵三郎,天川,恵三郎,1864,1934-04-05
1842,アレンジェームズ,アレン,ジェームズ,1864-11-28,1912-01-24
1813,石塚浩之,石塚,浩之,,
200,岩本良子,岩本,良子,,
1663,上里春生,上里,春生,1897,1939-06-02
32,植松真人,植松,真人,,
180,ヴォルテール,ヴォルテール,,1694,1778
1783,エリオットジェイムズ・サンヅ,エリオット,ジェイムズ・サンヅ,1880-05-28,1959-10-26
1916,円城塔,円城,塔,1972-09-15,
2035,オーウェルジョージ,オーウェル,ジョージ,1903-06-25,1950-01-21
1955,太田健一,太田,健一,,
97,オー・ヘンリー,オー・ヘンリー,,1862-09-11,1910-06-05
1940,小倉右一郎,小倉,右一郎,1881-06-09,1962-07-15
206,小沢真理子,小沢,真理子,,
1574,オスラーウイリアム,オスラー,ウイリアム,1849-07-12,1919-12-29
1727,オルファースジビュレ・フォン,オルファース,ジビュレ・フォン,1881-05-08,1916-01-29
1841,カーペンターケニス・Ｊ,カーペンター,ケニス・Ｊ,1923,
1506,片岡義男,片岡,義男,1939-03-20,
223,カワードノエル,カワード,ノエル,1899-12-16,1973-03-26
1345,川合貞一,川合,貞一,1870-03-29,1955-06-19
99,菊池美範,菊池,美範,,
373,北畠尊也,北畠,尊也,1967,
1602,金鍾漢,金,鍾漢,1914-02-28,1944-09-27
1561,ギャロッドアーチボルド,ギャロッド,アーチボルド,1857-11-25,1936-03-28
1882,キングスフォードアンナ,キングスフォード,アンナ,1846-09-16,1888-02-22
1464,クラークヘンリ・サヴィル,クラーク,ヘンリ・サヴィル,1841,1893
1686,グリーナウェイケイト,グリーナウェイ,ケイト,1846-03-17,1901-11-06
215,栗林元,栗林,元,,
1950,クロッサーマイラ・ジョー,クロッサー,マイラ・ジョー,1880,1962
122,桑原一世,桑原,一世,,
108,小泉英政,小泉,英政,1948,
1756,コールデコットランドルフ,コールデコット,ランドルフ,1846-03-22,1886-02-12
16,小中千昭,小中,千昭,,
1241,ゴルドンエリザベス、アンナ,ゴルドン,エリザベス、アンナ,1851,1925
151,西府章,西府,章,,
54,佐野良二,佐野,良二,1940,
1918,澤西祐典,澤西,祐典,1986-07-12,
1265,サン＝テグジュペリアントワーヌ・ド,サン＝テグジュペリ,アントワーヌ・ド,1900-06-29,1944-07-31
1548,シェーンハイマールドルフ,シェーンハイマー,ルドルフ,1898-05-10,1941-09-11
1919,シェミンマーガレット,シェミン,マーガレット,192X,1976
1591,ジェンナーエドワード,ジェンナー,エドワード,1749-05-17,1823-01-26
1877,シガーヨンスソンフロスティ,シガーヨンスソン,フロスティ,1962-12-19,
1492,シゲリストヘンリー・Ｅ,シゲリスト,ヘンリー・Ｅ,1891,1957
594,芝不器男,芝,不器男,1903-04-18,1930-02-24
1367,嶋中雄作,嶋中,雄作,1887-02-02,1949-01-17
84,清水哲男,清水,哲男,1938-02-15,
90,清水鱗造,清水,鱗造,1950,
210,シュヴァルツエフゲーニイ,シュヴァルツ,エフゲーニイ,1896,1958
21,白田秀彰,白田,秀彰,,
1493,ジンサーハンス,ジンサー,ハンス,1878-11-17,1940-09-04
92,鈴木志郎康,鈴木,志郎康,1935-05-19,
1930,鈴木牧之,鈴木,牧之,1770-02-22,1842-06-23
335,ストールマンリチャード,ストールマン,リチャード,1953,
1600,スノウジョン,スノウ,ジョン,1813-03-15,1858-06-16
2010,スミスコードウェイナー,スミス,コードウェイナー,1913-07-11,1966-08-06
142,関富士子,関,富士子,,
1209,ソローヘンリー・デイビッド,ソロー,ヘンリー・デイビッド,1817-07-12,1862-05-06
2016,ダ・ヴィンチレオナルド,ダ・ヴィンチ,レオナルド,1452-04-15,1519-05-02
69,高野敦志,高野,敦志,1963,
1690,高橋竜雄,高橋,竜雄,1868,1946
59,高橋悠治,高橋,悠治,1938,
71,立花実,立花,実,1933,1968
1765,田辺竜子,田辺,竜子,1869-02-04,1943-07-18
1952,チェンバースロバート・Ｗ,チェンバース,ロバート・Ｗ,1865-05-26,1933-12-16
1236,チャペックカレル,チャペック,カレル,1890-01-09,1938-12-25
66,束原和多志,束原,和多志,,
117,津野海太郎,津野,海太郎,1938-04-06,
113,鶴岡雄二,鶴岡,雄二,1953,
1150,吉田秀夫,吉田,秀夫,1906,1953
41,徳永真一,徳永,真一,1973,
1800,米川正夫,米川,正夫,1891-11-25,1965-12-29
55,富田倫生,富田,倫生,1952-04-20,2013-08-16
1660,中島徳蔵,中島,徳蔵,1864-03-09,1940-05-31
62,西川光男,西川,光男,,
1237,ニューヨーク・サン紙,ニューヨーク・サン紙,,,
1784,ノイバーガーマクス,ノイバーガー,マクス,1868-12-08,1955-05-15
1739,野口英司,野口,英司,,
1963,信時潔,信時,潔,1887-12-29,1965-08-01
2036,パイパーヘンリー・ビーム,パイパー,ヘンリー・ビーム,1904-03-23,1964-11-06
723,芳賀矢一,芳賀,矢一,1867-06-12,1927-02-06
144,畑仲哲雄,畑仲,哲雄,1961-09,
1721,ハッサルアーサー・ヒル,ハッサル,アーサー・ヒル,1917-12-13,1894-04-09
1725,ハバードエルバート,ハバード,エルバート,1856-06-19,1915-05-07
143,浜野サトル,浜野,サトル,,
28,早見秋,早見,秋,1969,
1850,バルザックオノレ・ド,バルザック,オノレ・ド,1799-05-20,1850-08--18
193,久森謙二,久森,謙二,1940-08-09,
138,翡翠,翡翠,,,
2033,ヒュームデイヴィッド,ヒューム,デイヴィッド,1711-05-07,1776-08-25
2008,平光吾一,平光,吾一,1887-11,1967-05-12
56,平田剛士,平田,剛士,1964,
887,ピランデルロルイジ,ピランデルロ,ルイジ,1867-06-28,1936-12-10
1036,フィッツジェラルドフランシス・スコット,フィッツジェラルド,フランシス・スコット,1896-9-24,1940-12-21
1917,福永信,福永,信,1972-06-22,
110,藤井貞和,藤井,貞和,1942,
7,藤下真潮,藤下,真潮,1961,
1885,藤野古白,藤野,古白,1871-09-22,1895-04-12
2003,藤村操,藤村,操,1886-07-20,1903-05-22
127,藤本和子,藤本,和子,1939,
109,冬佳彰,冬,佳彰,,
915,プラトン,プラトン,,前427,前347
1687,ブリュノフジャン・ド,ブリュノフ,ジャン・ド,1899-12-09,1937-10-16
2052,プリリューエドゥアール・エルネ,プリリュー,エドゥアール・エルネ,1829-01-11,1915-10-07
1728,ベスコフエルサ,ベスコフ,エルサ,1874-02-11,1953-06-30
1847,ヘミングウェイアーネスト・ミラー,ヘミングウェイ,アーネスト・ミラー,1899-07-21,1961-07-02
1735,ベルトランアロイジウス,ベルトラン,アロイジウス,1807-04-20,1841-04-29
1238,ボームライマン・フランク,ボーム,ライマン・フランク,1856-05-15,1919-05-06
1505,ポタービアトリクス,ポター,ビアトリクス,1866-07-28,1943-12-22
2043,ホワイトフレッド・Ｍ,ホワイト,フレッド・Ｍ,1859,1935
1661,増田惟茂,増田,惟茂,1883-12-29,1933-08-06
167,町野修三,町野,修三,1943-11-18,2002-12-05
2009,マッケナリチャード・ミルトン,マッケナ,リチャード・ミルトン,1913-05-09,1964-11-01
103,松平維秋,松平,維秋,1946,1999-10
2051,松本竣介,松本,竣介,1912-04-19,1948-06-08
1720,松本たかし,松本,たかし,1906-01-05,1956-05-11
1844,ミーゼスルートヴィヒ・フォン,ミーゼス,ルートヴィヒ・フォン,1881-09-29,1973-10-10
1976,三木露風,三木,露風,1889-06-23,1964-12-29
1997,三岸好太郎,三岸,好太郎,1903-04-18,1934-07-01
1279,ミドルトンリチャード・バラム,ミドルトン,リチャード・バラム,1882-10-28,1911-12-01
1740,宮川典子,宮川,典子,,
1960,ミルンアラン・アレクザンダー,ミルン,アラン・アレクザンダー,1882-01-18,1956-01-31
1992,森律子,森,律子,1890-10-30,1961-07-22
79,森野光,森野,光,,
1848,モンテーニュミシェル・エケム・ド,モンテーニュ,ミシェル・エケム・ド,1533-02-28,1592-09-13
198,山本洋,山本,洋,1956,
191,山本光夫,山本,光夫,1959,
2013,吉岡禅寺洞,吉岡,禅寺洞,1889-07-02,1961-03-17
1699,ラヴクラフトハワード・フィリップス,ラヴクラフト,ハワード・フィリップス,1890-08-20,1937-03-15
336,ラティガンテレンス,ラティガン,テレンス,1911-06-10,1977-11-30
1239,ラングアンドルー,ラング,アンドルー,1844-03-31,1912-07-20
1688,リヴィングストン・ジュニアヘンリー,リヴィングストン・ジュニア,ヘンリー,1748-10-13,1828-02-29
339,ルターマルチン,ルター,マルチン,1483-11-10,1546-02-18
29,レイモンドエリック,レイモンド,エリック,,
1859,レ・ファニュジョゼフ・シェリダン,レ・ファニュ,ジョゼフ・シェリダン,1814-08-28,1873-02-07